city,mode,bin_lower_kg,bin_upper_kg,n_users
Helsinki,bike,0.0,0.1,128
Helsinki,bike,0.1,0.2,598
Helsinki,bike,0.2,0.3,1024
Helsinki,bike,0.3,0.4,1210
Helsinki,bike,0.4,0.5,1297
Helsinki,bike,0.5,0.6,1232
Helsinki,bike,0.6,0.7,1203
Helsinki,bike,0.7,0.8,1244
Helsinki,bike,0.8,0.9,1247
Helsinki,bike,0.9,1.0,1273
Helsinki,bike,1.0,1.1,1297
Helsinki,bike,1.1,1.2,1235
Helsinki,bike,1.2,1.3,1286
Helsinki,bike,1.3,1.4,1226
Helsinki,bike,1.4,1.5,1277
Helsinki,bike,1.5,1.6,1242
Helsinki,bike,1.6,1.7,1216
Helsinki,bike,1.7,1.8,1225
Helsinki,bike,1.8,1.9,1129
Helsinki,bike,1.9,2.0,1139
Helsinki,bike,2.0,2.1,1043
Helsinki,bike,2.1,2.2,1025
Helsinki,bike,2.2,2.3,1057
Helsinki,bike,2.3,2.4,974
Helsinki,bike,2.4,2.5,864
Helsinki,bike,2.5,2.6,840
Helsinki,bike,2.6,2.7,837
Helsinki,bike,2.7,2.8,793
Helsinki,bike,2.8,2.9,746
Helsinki,bike,2.9,3.0,719
Helsinki,bike,3.0,3.1,632
Helsinki,bike,3.1,3.2,656
Helsinki,bike,3.2,3.3,534
Helsinki,bike,3.3,3.4,472
Helsinki,bike,3.4,3.5,418
Helsinki,bike,3.5,3.6,354
Helsinki,bike,3.6,3.7,372
Helsinki,bike,3.7,3.8,317
Helsinki,bike,3.8,3.9,303
Helsinki,bike,3.9,4.0,271
Helsinki,bike,4.0,4.1,216
Helsinki,bike,4.1,4.2,193
Helsinki,bike,4.2,4.3,185
Helsinki,bike,4.3,4.4,161
Helsinki,bike,4.4,4.5,106
Helsinki,bike,4.5,4.6,131
Helsinki,bike,4.6,4.7,104
Helsinki,bike,4.7,4.8,112
Helsinki,bike,4.8,4.9,76
Helsinki,bike,4.9,5.0,79
Helsinki,bike,5.0,5.1,63
Helsinki,bike,5.1,5.2,59
Helsinki,bike,5.2,5.3,60
Helsinki,bike,5.3,5.4,35
Helsinki,bike,5.4,5.5,31
Helsinki,bike,5.5,5.6,49
Helsinki,bike,5.6,5.7,29
Helsinki,bike,5.7,5.8,27
Helsinki,bike,5.8,5.9,19
Helsinki,bike,5.9,6.0,20
Helsinki,bike,6.0,6.1,9
Helsinki,bike,6.1,6.2,7
Helsinki,bike,6.2,6.3,9
Helsinki,bike,6.3,6.4,4
Helsinki,bike,6.4,6.5,3
Helsinki,bike,6.5,6.6,7
Helsinki,bike,6.6,6.7,3
Helsinki,bike,6.7,6.8,3
Helsinki,bike,6.8,6.9,2
Helsinki,bike,6.9,7.0,2
Helsinki,bike,7.0,7.1,4
Helsinki,bike,7.1,7.2,3
Helsinki,bike,7.2,7.3,1
Helsinki,bike,7.3,7.4,1
Helsinki,bike,7.4,7.5,2
Helsinki,bike,7.6,7.7,2
Helsinki,bike,7.7,7.8,2
Helsinki,bike,7.8,7.9,1
Helsinki,bike,7.9,8.0,1
Turku,bike,0.0,0.1,4
Turku,bike,0.1,0.2,71
Turku,bike,0.2,0.3,172
Turku,bike,0.3,0.4,224
Turku,bike,0.4,0.5,318
Turku,bike,0.5,0.6,388
Turku,bike,0.6,0.7,408
Turku,bike,0.7,0.8,450
Turku,bike,0.8,0.9,452
Turku,bike,0.9,1.0,435
Turku,bike,1.0,1.1,397
Turku,bike,1.1,1.2,359
Turku,bike,1.2,1.3,394
Turku,bike,1.3,1.4,331
Turku,bike,1.4,1.5,296
Turku,bike,1.5,1.6,276
Turku,bike,1.6,1.7,236
Turku,bike,1.7,1.8,218
Turku,bike,1.8,1.9,202
Turku,bike,1.9,2.0,177
Turku,bike,2.0,2.1,165
Turku,bike,2.1,2.2,136
Turku,bike,2.2,2.3,132
Turku,bike,2.3,2.4,98
Turku,bike,2.4,2.5,94
Turku,bike,2.5,2.6,95
Turku,bike,2.6,2.7,79
Turku,bike,2.7,2.8,68
Turku,bike,2.8,2.9,68
Turku,bike,2.9,3.0,71
Turku,bike,3.0,3.1,59
Turku,bike,3.1,3.2,47
Turku,bike,3.2,3.3,50
Turku,bike,3.3,3.4,31
Turku,bike,3.4,3.5,23
Turku,bike,3.5,3.6,21
Turku,bike,3.6,3.7,13
Turku,bike,3.7,3.8,21
Turku,bike,3.8,3.9,12
Turku,bike,3.9,4.0,9
Turku,bike,4.0,4.1,9
Turku,bike,4.1,4.2,8
Turku,bike,4.2,4.3,5
Turku,bike,4.3,4.4,3
Turku,bike,4.4,4.5,5
Turku,bike,4.5,4.6,4
Turku,bike,4.6,4.7,1
Turku,bike,4.7,4.8,4
Turku,bike,4.9,5.0,1
Turku,bike,5.1,5.2,1
Turku,bike,5.7,5.8,1
Turku,bike,5.8,5.9,1
Turku,bike,6.6,6.7,1
Turku,bike,6.9,7.0,2
Turku,bike,7.0,7.1,2
Turku,bike,7.1,7.2,1
Turku,bike,7.3,7.4,3
Turku,bike,7.4,7.5,1
Turku,bike,7.6,7.7,1
Turku,bike,8.1,8.2,1
Tampere,bike,0.0,0.1,7
Tampere,bike,0.1,0.2,90
Tampere,bike,0.2,0.3,234
Tampere,bike,0.3,0.4,252
Tampere,bike,0.4,0.5,250
Tampere,bike,0.5,0.6,321
Tampere,bike,0.6,0.7,303
Tampere,bike,0.7,0.8,292
Tampere,bike,0.8,0.9,317
Tampere,bike,0.9,1.0,317
Tampere,bike,1.0,1.1,349
Tampere,bike,1.1,1.2,322
Tampere,bike,1.2,1.3,376
Tampere,bike,1.3,1.4,305
Tampere,bike,1.4,1.5,352
Tampere,bike,1.5,1.6,385
Tampere,bike,1.6,1.7,302
Tampere,bike,1.7,1.8,346
Tampere,bike,1.8,1.9,328
Tampere,bike,1.9,2.0,347
Tampere,bike,2.0,2.1,301
Tampere,bike,2.1,2.2,278
Tampere,bike,2.2,2.3,255
Tampere,bike,2.3,2.4,221
Tampere,bike,2.4,2.5,169
Tampere,bike,2.5,2.6,156
Tampere,bike,2.6,2.7,145
Tampere,bike,2.7,2.8,130
Tampere,bike,2.8,2.9,130
Tampere,bike,2.9,3.0,103
Tampere,bike,3.0,3.1,136
Tampere,bike,3.1,3.2,129
Tampere,bike,3.2,3.3,131
Tampere,bike,3.3,3.4,100
Tampere,bike,3.4,3.5,99
Tampere,bike,3.5,3.6,59
Tampere,bike,3.6,3.7,87
Tampere,bike,3.7,3.8,68
Tampere,bike,3.8,3.9,50
Tampere,bike,3.9,4.0,49
Tampere,bike,4.0,4.1,70
Tampere,bike,4.1,4.2,48
Tampere,bike,4.2,4.3,36
Tampere,bike,4.3,4.4,48
Tampere,bike,4.4,4.5,26
Tampere,bike,4.5,4.6,35
Tampere,bike,4.6,4.7,20
Tampere,bike,4.7,4.8,27
Tampere,bike,4.8,4.9,23
Tampere,bike,4.9,5.0,19
Tampere,bike,5.0,5.1,21
Tampere,bike,5.1,5.2,15
Tampere,bike,5.2,5.3,11
Tampere,bike,5.3,5.4,6
Tampere,bike,5.4,5.5,8
Tampere,bike,5.5,5.6,10
Tampere,bike,5.6,5.7,16
Tampere,bike,5.7,5.8,12
Tampere,bike,5.8,5.9,12
Tampere,bike,5.9,6.0,8
Tampere,bike,6.0,6.1,4
Tampere,bike,6.1,6.2,2
Tampere,bike,6.2,6.3,3
Tampere,bike,6.3,6.4,7
Tampere,bike,6.4,6.5,7
Tampere,bike,6.5,6.6,4
Tampere,bike,6.6,6.7,3
Tampere,bike,6.8,6.9,5
Tampere,bike,6.9,7.0,2
Tampere,bike,7.0,7.1,3
Tampere,bike,7.1,7.2,7
Tampere,bike,7.2,7.3,3
Tampere,bike,7.3,7.4,4
Tampere,bike,7.4,7.5,1
Tampere,bike,7.5,7.6,1
Tampere,bike,7.7,7.8,1
Tampere,bike,8.0,8.1,1
Tampere,bike,8.2,8.3,1
Tampere,bike,8.3,8.4,1
Tampere,bike,8.6,8.7,2
Tampere,bike,8.7,8.8,1
Tampere,bike,8.8,8.9,1
Tampere,bike,8.9,9.0,3
Tampere,bike,9.1,9.2,3
Tampere,bike,9.2,9.3,5
Tampere,bike,9.3,9.4,1
Tampere,bike,9.4,9.5,1
Tampere,bike,9.5,9.6,2
Tampere,bike,9.6,9.7,1
Tampere,bike,9.7,9.8,1
Tampere,bike,10.3,10.4,1
Tampere,bike,10.5,10.6,1
Oulu,bike,0.0,0.1,4
Oulu,bike,0.1,0.2,50
Oulu,bike,0.2,0.3,102
Oulu,bike,0.3,0.4,143
Oulu,bike,0.4,0.5,157
Oulu,bike,0.5,0.6,217
Oulu,bike,0.6,0.7,179
Oulu,bike,0.7,0.8,167
Oulu,bike,0.8,0.9,210
Oulu,bike,0.9,1.0,251
Oulu,bike,1.0,1.1,211
Oulu,bike,1.1,1.2,196
Oulu,bike,1.2,1.3,200
Oulu,bike,1.3,1.4,207
Oulu,bike,1.4,1.5,129
Oulu,bike,1.5,1.6,102
Oulu,bike,1.6,1.7,122
Oulu,bike,1.7,1.8,115
Oulu,bike,1.8,1.9,101
Oulu,bike,1.9,2.0,102
Oulu,bike,2.0,2.1,90
Oulu,bike,2.1,2.2,72
Oulu,bike,2.2,2.3,77
Oulu,bike,2.3,2.4,42
Oulu,bike,2.4,2.5,50
Oulu,bike,2.5,2.6,46
Oulu,bike,2.6,2.7,44
Oulu,bike,2.7,2.8,31
Oulu,bike,2.8,2.9,35
Oulu,bike,2.9,3.0,32
Oulu,bike,3.0,3.1,26
Oulu,bike,3.1,3.2,28
Oulu,bike,3.2,3.3,20
Oulu,bike,3.3,3.4,29
Oulu,bike,3.4,3.5,15
Oulu,bike,3.5,3.6,14
Oulu,bike,3.6,3.7,14
Oulu,bike,3.7,3.8,4
Oulu,bike,3.8,3.9,14
Oulu,bike,3.9,4.0,15
Oulu,bike,4.0,4.1,13
Oulu,bike,4.1,4.2,20
Oulu,bike,4.2,4.3,14
Oulu,bike,4.3,4.4,17
Oulu,bike,4.4,4.5,14
Oulu,bike,4.5,4.6,14
Oulu,bike,4.6,4.7,11
Oulu,bike,4.7,4.8,14
Oulu,bike,4.8,4.9,11
Oulu,bike,4.9,5.0,6
Oulu,bike,5.0,5.1,3
Oulu,bike,5.1,5.2,7
Oulu,bike,5.2,5.3,8
Oulu,bike,5.3,5.4,5
Oulu,bike,5.4,5.5,7
Oulu,bike,5.5,5.6,13
Oulu,bike,5.6,5.7,5
Oulu,bike,5.7,5.8,7
Oulu,bike,5.8,5.9,4
Oulu,bike,5.9,6.0,6
Oulu,bike,6.0,6.1,4
Oulu,bike,6.1,6.2,11
Oulu,bike,6.2,6.3,5
Oulu,bike,6.3,6.4,7
Oulu,bike,6.5,6.6,6
Oulu,bike,6.6,6.7,3
Oulu,bike,6.7,6.8,2
Oulu,bike,6.8,6.9,3
Oulu,bike,7.0,7.1,1
Oulu,bike,7.1,7.2,2
Oulu,bike,7.2,7.3,5
Oulu,bike,7.3,7.4,1
Oulu,bike,7.4,7.5,4
Oulu,bike,7.5,7.6,5
Oulu,bike,7.6,7.7,2
Oulu,bike,7.7,7.8,3
Oulu,bike,7.8,7.9,3
Oulu,bike,7.9,8.0,3
Oulu,bike,8.0,8.1,7
Oulu,bike,8.1,8.2,6
Oulu,bike,8.2,8.3,2
Oulu,bike,8.3,8.4,2
Oulu,bike,8.4,8.5,1
Oulu,bike,8.5,8.6,1
Oulu,bike,8.7,8.8,1
Oulu,bike,9.4,9.5,1
Oulu,bike,9.6,9.7,1
Oulu,bike,9.8,9.9,2
Oulu,bike,10.8,10.9,1
Oulu,bike,10.9,11.0,4
Oulu,bike,11.0,11.1,1
Oulu,bike,11.1,11.2,1
Oulu,bike,11.2,11.3,1
Oulu,bike,11.8,11.9,2
Oulu,bike,13.2,13.3,1
Oulu,bike,14.2,14.3,1
Oulu,bike,14.8,14.9,1
Oulu,bike,15.1,15.2,1
Oulu,bike,15.2,15.3,1
Oulu,bike,16.2,16.3,1
Oulu,bike,18.3,18.4,1
Overall,bike,0.0,0.1,143
Overall,bike,0.1,0.2,809
Overall,bike,0.2,0.3,1532
Overall,bike,0.3,0.4,1829
Overall,bike,0.4,0.5,2022
Overall,bike,0.5,0.6,2158
Overall,bike,0.6,0.7,2093
Overall,bike,0.7,0.8,2153
Overall,bike,0.8,0.9,2226
Overall,bike,0.9,1.0,2276
Overall,bike,1.0,1.1,2254
Overall,bike,1.1,1.2,2112
Overall,bike,1.2,1.3,2256
Overall,bike,1.3,1.4,2069
Overall,bike,1.4,1.5,2054
Overall,bike,1.5,1.6,2005
Overall,bike,1.6,1.7,1876
Overall,bike,1.7,1.8,1904
Overall,bike,1.8,1.9,1760
Overall,bike,1.9,2.0,1765
Overall,bike,2.0,2.1,1599
Overall,bike,2.1,2.2,1511
Overall,bike,2.2,2.3,1521
Overall,bike,2.3,2.4,1335
Overall,bike,2.4,2.5,1177
Overall,bike,2.5,2.6,1137
Overall,bike,2.6,2.7,1105
Overall,bike,2.7,2.8,1022
Overall,bike,2.8,2.9,979
Overall,bike,2.9,3.0,925
Overall,bike,3.0,3.1,853
Overall,bike,3.1,3.2,860
Overall,bike,3.2,3.3,735
Overall,bike,3.3,3.4,632
Overall,bike,3.4,3.5,555
Overall,bike,3.5,3.6,448
Overall,bike,3.6,3.7,486
Overall,bike,3.7,3.8,410
Overall,bike,3.8,3.9,379
Overall,bike,3.9,4.0,344
Overall,bike,4.0,4.1,308
Overall,bike,4.1,4.2,269
Overall,bike,4.2,4.3,240
Overall,bike,4.3,4.4,229
Overall,bike,4.4,4.5,151
Overall,bike,4.5,4.6,184
Overall,bike,4.6,4.7,136
Overall,bike,4.7,4.8,157
Overall,bike,4.8,4.9,110
Overall,bike,4.9,5.0,105
Overall,bike,5.0,5.1,87
Overall,bike,5.1,5.2,82
Overall,bike,5.2,5.3,79
Overall,bike,5.3,5.4,46
Overall,bike,5.4,5.5,46
Overall,bike,5.5,5.6,72
Overall,bike,5.6,5.7,50
Overall,bike,5.7,5.8,47
Overall,bike,5.8,5.9,36
Overall,bike,5.9,6.0,34
Overall,bike,6.0,6.1,17
Overall,bike,6.1,6.2,20
Overall,bike,6.2,6.3,17
Overall,bike,6.3,6.4,18
Overall,bike,6.4,6.5,10
Overall,bike,6.5,6.6,17
Overall,bike,6.6,6.7,10
Overall,bike,6.7,6.8,5
Overall,bike,6.8,6.9,10
Overall,bike,6.9,7.0,6
Overall,bike,7.0,7.1,10
Overall,bike,7.1,7.2,13
Overall,bike,7.2,7.3,9
Overall,bike,7.3,7.4,9
Overall,bike,7.4,7.5,8
Overall,bike,7.5,7.6,6
Overall,bike,7.6,7.7,5
Overall,bike,7.7,7.8,6
Overall,bike,7.8,7.9,4
Overall,bike,7.9,8.0,4
Overall,bike,8.0,8.1,8
Overall,bike,8.1,8.2,7
Overall,bike,8.2,8.3,3
Overall,bike,8.3,8.4,3
Overall,bike,8.4,8.5,1
Overall,bike,8.5,8.6,1
Overall,bike,8.6,8.7,2
Overall,bike,8.7,8.8,2
Overall,bike,8.8,8.9,1
Overall,bike,8.9,9.0,3
Overall,bike,9.1,9.2,3
Overall,bike,9.2,9.3,5
Overall,bike,9.3,9.4,1
Overall,bike,9.4,9.5,2
Overall,bike,9.5,9.6,2
Overall,bike,9.6,9.7,2
Overall,bike,9.7,9.8,1
Overall,bike,9.8,9.9,2
Overall,bike,10.3,10.4,1
Overall,bike,10.5,10.6,1
Overall,bike,10.8,10.9,1
Overall,bike,10.9,11.0,4
Overall,bike,11.0,11.1,1
Overall,bike,11.1,11.2,1
Overall,bike,11.2,11.3,1
Overall,bike,11.8,11.9,2
Overall,bike,13.2,13.3,1
Overall,bike,14.2,14.3,1
Overall,bike,14.8,14.9,1
Overall,bike,15.1,15.2,1
Overall,bike,15.2,15.3,1
Overall,bike,16.2,16.3,1
Overall,bike,18.3,18.4,1
Helsinki,pt,0.3,0.4,41
Helsinki,pt,0.4,0.5,127
Helsinki,pt,0.5,0.6,201
Helsinki,pt,0.6,0.7,228
Helsinki,pt,0.7,0.8,282
Helsinki,pt,0.8,0.9,274
Helsinki,pt,0.9,1.0,254
Helsinki,pt,1.0,1.1,221
Helsinki,pt,1.1,1.2,258
Helsinki,pt,1.2,1.3,251
Helsinki,pt,1.3,1.4,238
Helsinki,pt,1.4,1.5,271
Helsinki,pt,1.5,1.6,273
Helsinki,pt,1.6,1.7,280
Helsinki,pt,1.7,1.8,296
Helsinki,pt,1.8,1.9,310
Helsinki,pt,1.9,2.0,280
Helsinki,pt,2.0,2.1,276
Helsinki,pt,2.1,2.2,255
Helsinki,pt,2.2,2.3,290
Helsinki,pt,2.3,2.4,311
Helsinki,pt,2.4,2.5,282
Helsinki,pt,2.5,2.6,384
Helsinki,pt,2.6,2.7,317
Helsinki,pt,2.7,2.8,383
Helsinki,pt,2.8,2.9,350
Helsinki,pt,2.9,3.0,340
Helsinki,pt,3.0,3.1,362
Helsinki,pt,3.1,3.2,369
Helsinki,pt,3.2,3.3,386
Helsinki,pt,3.3,3.4,391
Helsinki,pt,3.4,3.5,392
Helsinki,pt,3.5,3.6,378
Helsinki,pt,3.6,3.7,356
Helsinki,pt,3.7,3.8,380
Helsinki,pt,3.8,3.9,362
Helsinki,pt,3.9,4.0,362
Helsinki,pt,4.0,4.1,370
Helsinki,pt,4.1,4.2,431
Helsinki,pt,4.2,4.3,351
Helsinki,pt,4.3,4.4,362
Helsinki,pt,4.4,4.5,395
Helsinki,pt,4.5,4.6,355
Helsinki,pt,4.6,4.7,341
Helsinki,pt,4.7,4.8,373
Helsinki,pt,4.8,4.9,418
Helsinki,pt,4.9,5.0,353
Helsinki,pt,5.0,5.1,341
Helsinki,pt,5.1,5.2,373
Helsinki,pt,5.2,5.3,346
Helsinki,pt,5.3,5.4,327
Helsinki,pt,5.4,5.5,348
Helsinki,pt,5.5,5.6,319
Helsinki,pt,5.6,5.7,325
Helsinki,pt,5.7,5.8,350
Helsinki,pt,5.8,5.9,331
Helsinki,pt,5.9,6.0,329
Helsinki,pt,6.0,6.1,322
Helsinki,pt,6.1,6.2,308
Helsinki,pt,6.2,6.3,324
Helsinki,pt,6.3,6.4,333
Helsinki,pt,6.4,6.5,340
Helsinki,pt,6.5,6.6,335
Helsinki,pt,6.6,6.7,296
Helsinki,pt,6.7,6.8,344
Helsinki,pt,6.8,6.9,323
Helsinki,pt,6.9,7.0,296
Helsinki,pt,7.0,7.1,318
Helsinki,pt,7.1,7.2,293
Helsinki,pt,7.2,7.3,259
Helsinki,pt,7.3,7.4,252
Helsinki,pt,7.4,7.5,253
Helsinki,pt,7.5,7.6,278
Helsinki,pt,7.6,7.7,261
Helsinki,pt,7.7,7.8,263
Helsinki,pt,7.8,7.9,246
Helsinki,pt,7.9,8.0,264
Helsinki,pt,8.0,8.1,276
Helsinki,pt,8.1,8.2,238
Helsinki,pt,8.2,8.3,222
Helsinki,pt,8.3,8.4,246
Helsinki,pt,8.4,8.5,218
Helsinki,pt,8.5,8.6,233
Helsinki,pt,8.6,8.7,209
Helsinki,pt,8.7,8.8,212
Helsinki,pt,8.8,8.9,221
Helsinki,pt,8.9,9.0,229
Helsinki,pt,9.0,9.1,203
Helsinki,pt,9.1,9.2,194
Helsinki,pt,9.2,9.3,196
Helsinki,pt,9.3,9.4,177
Helsinki,pt,9.4,9.5,180
Helsinki,pt,9.5,9.6,207
Helsinki,pt,9.6,9.7,173
Helsinki,pt,9.7,9.8,185
Helsinki,pt,9.8,9.9,199
Helsinki,pt,9.9,10.0,161
Helsinki,pt,10.0,10.1,181
Helsinki,pt,10.1,10.2,185
Helsinki,pt,10.2,10.3,216
Helsinki,pt,10.3,10.4,157
Helsinki,pt,10.4,10.5,157
Helsinki,pt,10.5,10.6,162
Helsinki,pt,10.6,10.7,159
Helsinki,pt,10.7,10.8,153
Helsinki,pt,10.8,10.9,163
Helsinki,pt,10.9,11.0,169
Helsinki,pt,11.0,11.1,143
Helsinki,pt,11.1,11.2,166
Helsinki,pt,11.2,11.3,120
Helsinki,pt,11.3,11.4,139
Helsinki,pt,11.4,11.5,124
Helsinki,pt,11.5,11.6,120
Helsinki,pt,11.6,11.7,122
Helsinki,pt,11.7,11.8,124
Helsinki,pt,11.8,11.9,117
Helsinki,pt,11.9,12.0,110
Helsinki,pt,12.0,12.1,102
Helsinki,pt,12.1,12.2,103
Helsinki,pt,12.2,12.3,107
Helsinki,pt,12.3,12.4,100
Helsinki,pt,12.4,12.5,111
Helsinki,pt,12.5,12.6,99
Helsinki,pt,12.6,12.7,95
Helsinki,pt,12.7,12.8,92
Helsinki,pt,12.8,12.9,95
Helsinki,pt,12.9,13.0,77
Helsinki,pt,13.0,13.1,87
Helsinki,pt,13.1,13.2,66
Helsinki,pt,13.2,13.3,80
Helsinki,pt,13.3,13.4,71
Helsinki,pt,13.4,13.5,88
Helsinki,pt,13.5,13.6,74
Helsinki,pt,13.6,13.7,72
Helsinki,pt,13.7,13.8,67
Helsinki,pt,13.8,13.9,71
Helsinki,pt,13.9,14.0,63
Helsinki,pt,14.0,14.1,79
Helsinki,pt,14.1,14.2,56
Helsinki,pt,14.2,14.3,41
Helsinki,pt,14.3,14.4,59
Helsinki,pt,14.4,14.5,48
Helsinki,pt,14.5,14.6,55
Helsinki,pt,14.6,14.7,52
Helsinki,pt,14.7,14.8,39
Helsinki,pt,14.8,14.9,41
Helsinki,pt,14.9,15.0,37
Helsinki,pt,15.0,15.1,42
Helsinki,pt,15.1,15.2,30
Helsinki,pt,15.2,15.3,35
Helsinki,pt,15.3,15.4,30
Helsinki,pt,15.4,15.5,39
Helsinki,pt,15.5,15.6,27
Helsinki,pt,15.6,15.7,37
Helsinki,pt,15.7,15.8,25
Helsinki,pt,15.8,15.9,19
Helsinki,pt,15.9,16.0,31
Helsinki,pt,16.0,16.1,30
Helsinki,pt,16.1,16.2,22
Helsinki,pt,16.2,16.3,22
Helsinki,pt,16.3,16.4,33
Helsinki,pt,16.4,16.5,19
Helsinki,pt,16.5,16.6,25
Helsinki,pt,16.6,16.7,36
Helsinki,pt,16.7,16.8,18
Helsinki,pt,16.8,16.9,19
Helsinki,pt,16.9,17.0,13
Helsinki,pt,17.0,17.1,18
Helsinki,pt,17.1,17.2,27
Helsinki,pt,17.2,17.3,15
Helsinki,pt,17.3,17.4,11
Helsinki,pt,17.4,17.5,19
Helsinki,pt,17.5,17.6,18
Helsinki,pt,17.6,17.7,16
Helsinki,pt,17.7,17.8,17
Helsinki,pt,17.8,17.9,18
Helsinki,pt,17.9,18.0,15
Helsinki,pt,18.0,18.1,11
Helsinki,pt,18.1,18.2,9
Helsinki,pt,18.2,18.3,8
Helsinki,pt,18.3,18.4,16
Helsinki,pt,18.4,18.5,8
Helsinki,pt,18.5,18.6,8
Helsinki,pt,18.6,18.7,8
Helsinki,pt,18.7,18.8,6
Helsinki,pt,18.8,18.9,8
Helsinki,pt,18.9,19.0,5
Helsinki,pt,19.0,19.1,7
Helsinki,pt,19.1,19.2,9
Helsinki,pt,19.2,19.3,6
Helsinki,pt,19.3,19.4,8
Helsinki,pt,19.4,19.5,9
Helsinki,pt,19.5,19.6,5
Helsinki,pt,19.6,19.7,5
Helsinki,pt,19.7,19.8,2
Helsinki,pt,19.8,19.9,10
Helsinki,pt,19.9,20.0,4
Helsinki,pt,20.1,20.2,4
Helsinki,pt,20.2,20.3,6
Helsinki,pt,20.3,20.4,1
Helsinki,pt,20.4,20.5,2
Helsinki,pt,20.5,20.6,6
Helsinki,pt,20.6,20.7,2
Helsinki,pt,20.7,20.8,1
Helsinki,pt,20.8,20.9,6
Helsinki,pt,20.9,21.0,3
Helsinki,pt,21.0,21.1,4
Helsinki,pt,21.1,21.2,1
Helsinki,pt,21.2,21.3,2
Helsinki,pt,21.3,21.4,1
Helsinki,pt,21.4,21.5,1
Helsinki,pt,21.5,21.6,1
Helsinki,pt,21.7,21.8,2
Helsinki,pt,21.8,21.9,1
Helsinki,pt,21.9,22.0,1
Helsinki,pt,22.0,22.1,4
Helsinki,pt,22.2,22.3,3
Helsinki,pt,22.3,22.4,1
Helsinki,pt,22.4,22.5,2
Helsinki,pt,22.6,22.7,1
Helsinki,pt,22.7,22.8,1
Helsinki,pt,22.8,22.9,1
Helsinki,pt,22.9,23.0,1
Helsinki,pt,23.0,23.1,1
Helsinki,pt,23.4,23.5,2
Helsinki,pt,23.6,23.7,1
Helsinki,pt,23.8,23.9,1
Helsinki,pt,23.9,24.0,1
Helsinki,pt,25.2,25.3,1
Helsinki,pt,25.7,25.8,1
Helsinki,pt,25.8,25.9,1
Helsinki,pt,27.2,27.3,1
Turku,pt,0.3,0.4,1
Turku,pt,0.4,0.5,7
Turku,pt,0.5,0.6,24
Turku,pt,0.6,0.7,23
Turku,pt,0.7,0.8,29
Turku,pt,0.8,0.9,36
Turku,pt,0.9,1.0,35
Turku,pt,1.0,1.1,33
Turku,pt,1.1,1.2,33
Turku,pt,1.2,1.3,46
Turku,pt,1.3,1.4,48
Turku,pt,1.4,1.5,55
Turku,pt,1.5,1.6,55
Turku,pt,1.6,1.7,62
Turku,pt,1.7,1.8,80
Turku,pt,1.8,1.9,72
Turku,pt,1.9,2.0,67
Turku,pt,2.0,2.1,67
Turku,pt,2.1,2.2,73
Turku,pt,2.2,2.3,88
Turku,pt,2.3,2.4,94
Turku,pt,2.4,2.5,90
Turku,pt,2.5,2.6,79
Turku,pt,2.6,2.7,75
Turku,pt,2.7,2.8,82
Turku,pt,2.8,2.9,85
Turku,pt,2.9,3.0,80
Turku,pt,3.0,3.1,81
Turku,pt,3.1,3.2,80
Turku,pt,3.2,3.3,85
Turku,pt,3.3,3.4,91
Turku,pt,3.4,3.5,91
Turku,pt,3.5,3.6,98
Turku,pt,3.6,3.7,104
Turku,pt,3.7,3.8,102
Turku,pt,3.8,3.9,108
Turku,pt,3.9,4.0,110
Turku,pt,4.0,4.1,88
Turku,pt,4.1,4.2,103
Turku,pt,4.2,4.3,96
Turku,pt,4.3,4.4,72
Turku,pt,4.4,4.5,84
Turku,pt,4.5,4.6,82
Turku,pt,4.6,4.7,94
Turku,pt,4.7,4.8,83
Turku,pt,4.8,4.9,89
Turku,pt,4.9,5.0,87
Turku,pt,5.0,5.1,90
Turku,pt,5.1,5.2,83
Turku,pt,5.2,5.3,74
Turku,pt,5.3,5.4,89
Turku,pt,5.4,5.5,77
Turku,pt,5.5,5.6,73
Turku,pt,5.6,5.7,58
Turku,pt,5.7,5.8,71
Turku,pt,5.8,5.9,73
Turku,pt,5.9,6.0,67
Turku,pt,6.0,6.1,68
Turku,pt,6.1,6.2,65
Turku,pt,6.2,6.3,63
Turku,pt,6.3,6.4,61
Turku,pt,6.4,6.5,51
Turku,pt,6.5,6.6,63
Turku,pt,6.6,6.7,60
Turku,pt,6.7,6.8,58
Turku,pt,6.8,6.9,63
Turku,pt,6.9,7.0,43
Turku,pt,7.0,7.1,48
Turku,pt,7.1,7.2,58
Turku,pt,7.2,7.3,41
Turku,pt,7.3,7.4,62
Turku,pt,7.4,7.5,43
Turku,pt,7.5,7.6,44
Turku,pt,7.6,7.7,39
Turku,pt,7.7,7.8,45
Turku,pt,7.8,7.9,38
Turku,pt,7.9,8.0,46
Turku,pt,8.0,8.1,43
Turku,pt,8.1,8.2,43
Turku,pt,8.2,8.3,57
Turku,pt,8.3,8.4,46
Turku,pt,8.4,8.5,36
Turku,pt,8.5,8.6,37
Turku,pt,8.6,8.7,29
Turku,pt,8.7,8.8,27
Turku,pt,8.8,8.9,29
Turku,pt,8.9,9.0,47
Turku,pt,9.0,9.1,32
Turku,pt,9.1,9.2,37
Turku,pt,9.2,9.3,32
Turku,pt,9.3,9.4,41
Turku,pt,9.4,9.5,28
Turku,pt,9.5,9.6,53
Turku,pt,9.6,9.7,26
Turku,pt,9.7,9.8,29
Turku,pt,9.8,9.9,39
Turku,pt,9.9,10.0,30
Turku,pt,10.0,10.1,24
Turku,pt,10.1,10.2,30
Turku,pt,10.2,10.3,23
Turku,pt,10.3,10.4,30
Turku,pt,10.4,10.5,24
Turku,pt,10.5,10.6,25
Turku,pt,10.6,10.7,27
Turku,pt,10.7,10.8,24
Turku,pt,10.8,10.9,14
Turku,pt,10.9,11.0,12
Turku,pt,11.0,11.1,9
Turku,pt,11.1,11.2,26
Turku,pt,11.2,11.3,26
Turku,pt,11.3,11.4,17
Turku,pt,11.4,11.5,16
Turku,pt,11.5,11.6,19
Turku,pt,11.6,11.7,18
Turku,pt,11.7,11.8,14
Turku,pt,11.8,11.9,15
Turku,pt,11.9,12.0,18
Turku,pt,12.0,12.1,15
Turku,pt,12.1,12.2,16
Turku,pt,12.2,12.3,11
Turku,pt,12.3,12.4,14
Turku,pt,12.4,12.5,14
Turku,pt,12.5,12.6,13
Turku,pt,12.6,12.7,8
Turku,pt,12.7,12.8,10
Turku,pt,12.8,12.9,10
Turku,pt,12.9,13.0,13
Turku,pt,13.0,13.1,8
Turku,pt,13.1,13.2,17
Turku,pt,13.2,13.3,10
Turku,pt,13.3,13.4,9
Turku,pt,13.4,13.5,8
Turku,pt,13.5,13.6,8
Turku,pt,13.6,13.7,11
Turku,pt,13.7,13.8,4
Turku,pt,13.8,13.9,5
Turku,pt,13.9,14.0,10
Turku,pt,14.0,14.1,4
Turku,pt,14.1,14.2,4
Turku,pt,14.2,14.3,9
Turku,pt,14.3,14.4,4
Turku,pt,14.4,14.5,6
Turku,pt,14.5,14.6,4
Turku,pt,14.6,14.7,2
Turku,pt,14.7,14.8,2
Turku,pt,14.8,14.9,2
Turku,pt,14.9,15.0,3
Turku,pt,15.0,15.1,3
Turku,pt,15.1,15.2,1
Turku,pt,15.2,15.3,6
Turku,pt,15.3,15.4,1
Turku,pt,15.4,15.5,2
Turku,pt,15.5,15.6,4
Turku,pt,15.6,15.7,4
Turku,pt,15.7,15.8,4
Turku,pt,15.8,15.9,2
Turku,pt,15.9,16.0,6
Turku,pt,16.0,16.1,2
Turku,pt,16.2,16.3,3
Turku,pt,16.3,16.4,1
Turku,pt,16.4,16.5,4
Turku,pt,16.6,16.7,4
Turku,pt,16.8,16.9,4
Turku,pt,16.9,17.0,1
Turku,pt,17.0,17.1,1
Turku,pt,17.1,17.2,4
Turku,pt,17.2,17.3,1
Turku,pt,17.3,17.4,3
Turku,pt,17.4,17.5,1
Turku,pt,17.8,17.9,2
Turku,pt,18.1,18.2,2
Turku,pt,18.2,18.3,1
Turku,pt,18.4,18.5,1
Turku,pt,18.5,18.6,2
Turku,pt,18.8,18.9,1
Turku,pt,19.9,20.0,1
Turku,pt,20.0,20.1,1
Turku,pt,20.2,20.3,1
Turku,pt,20.3,20.4,1
Turku,pt,20.8,20.9,1
Turku,pt,20.9,21.0,1
Turku,pt,21.2,21.3,1
Turku,pt,21.7,21.8,1
Turku,pt,22.6,22.7,2
Turku,pt,22.8,22.9,1
Turku,pt,23.2,23.3,1
Tampere,pt,0.3,0.4,6
Tampere,pt,0.4,0.5,18
Tampere,pt,0.5,0.6,40
Tampere,pt,0.6,0.7,46
Tampere,pt,0.7,0.8,63
Tampere,pt,0.8,0.9,66
Tampere,pt,0.9,1.0,61
Tampere,pt,1.0,1.1,59
Tampere,pt,1.1,1.2,59
Tampere,pt,1.2,1.3,58
Tampere,pt,1.3,1.4,40
Tampere,pt,1.4,1.5,60
Tampere,pt,1.5,1.6,45
Tampere,pt,1.6,1.7,68
Tampere,pt,1.7,1.8,77
Tampere,pt,1.8,1.9,66
Tampere,pt,1.9,2.0,71
Tampere,pt,2.0,2.1,70
Tampere,pt,2.1,2.2,75
Tampere,pt,2.2,2.3,85
Tampere,pt,2.3,2.4,72
Tampere,pt,2.4,2.5,85
Tampere,pt,2.5,2.6,102
Tampere,pt,2.6,2.7,90
Tampere,pt,2.7,2.8,92
Tampere,pt,2.8,2.9,95
Tampere,pt,2.9,3.0,90
Tampere,pt,3.0,3.1,72
Tampere,pt,3.1,3.2,82
Tampere,pt,3.2,3.3,91
Tampere,pt,3.3,3.4,87
Tampere,pt,3.4,3.5,66
Tampere,pt,3.5,3.6,68
Tampere,pt,3.6,3.7,53
Tampere,pt,3.7,3.8,84
Tampere,pt,3.8,3.9,82
Tampere,pt,3.9,4.0,73
Tampere,pt,4.0,4.1,73
Tampere,pt,4.1,4.2,71
Tampere,pt,4.2,4.3,84
Tampere,pt,4.3,4.4,80
Tampere,pt,4.4,4.5,78
Tampere,pt,4.5,4.6,79
Tampere,pt,4.6,4.7,82
Tampere,pt,4.7,4.8,89
Tampere,pt,4.8,4.9,76
Tampere,pt,4.9,5.0,76
Tampere,pt,5.0,5.1,85
Tampere,pt,5.1,5.2,95
Tampere,pt,5.2,5.3,89
Tampere,pt,5.3,5.4,113
Tampere,pt,5.4,5.5,105
Tampere,pt,5.5,5.6,83
Tampere,pt,5.6,5.7,97
Tampere,pt,5.7,5.8,116
Tampere,pt,5.8,5.9,116
Tampere,pt,5.9,6.0,115
Tampere,pt,6.0,6.1,109
Tampere,pt,6.1,6.2,86
Tampere,pt,6.2,6.3,113
Tampere,pt,6.3,6.4,89
Tampere,pt,6.4,6.5,88
Tampere,pt,6.5,6.6,90
Tampere,pt,6.6,6.7,78
Tampere,pt,6.7,6.8,103
Tampere,pt,6.8,6.9,83
Tampere,pt,6.9,7.0,74
Tampere,pt,7.0,7.1,64
Tampere,pt,7.1,7.2,59
Tampere,pt,7.2,7.3,58
Tampere,pt,7.3,7.4,56
Tampere,pt,7.4,7.5,61
Tampere,pt,7.5,7.6,62
Tampere,pt,7.6,7.7,52
Tampere,pt,7.7,7.8,46
Tampere,pt,7.8,7.9,46
Tampere,pt,7.9,8.0,54
Tampere,pt,8.0,8.1,48
Tampere,pt,8.1,8.2,47
Tampere,pt,8.2,8.3,49
Tampere,pt,8.3,8.4,46
Tampere,pt,8.4,8.5,52
Tampere,pt,8.5,8.6,33
Tampere,pt,8.6,8.7,46
Tampere,pt,8.7,8.8,47
Tampere,pt,8.8,8.9,48
Tampere,pt,8.9,9.0,50
Tampere,pt,9.0,9.1,47
Tampere,pt,9.1,9.2,63
Tampere,pt,9.2,9.3,49
Tampere,pt,9.3,9.4,42
Tampere,pt,9.4,9.5,60
Tampere,pt,9.5,9.6,45
Tampere,pt,9.6,9.7,50
Tampere,pt,9.7,9.8,38
Tampere,pt,9.8,9.9,44
Tampere,pt,9.9,10.0,43
Tampere,pt,10.0,10.1,47
Tampere,pt,10.1,10.2,41
Tampere,pt,10.2,10.3,50
Tampere,pt,10.3,10.4,35
Tampere,pt,10.4,10.5,40
Tampere,pt,10.5,10.6,48
Tampere,pt,10.6,10.7,27
Tampere,pt,10.7,10.8,37
Tampere,pt,10.8,10.9,31
Tampere,pt,10.9,11.0,40
Tampere,pt,11.0,11.1,21
Tampere,pt,11.1,11.2,26
Tampere,pt,11.2,11.3,34
Tampere,pt,11.3,11.4,32
Tampere,pt,11.4,11.5,27
Tampere,pt,11.5,11.6,33
Tampere,pt,11.6,11.7,38
Tampere,pt,11.7,11.8,28
Tampere,pt,11.8,11.9,33
Tampere,pt,11.9,12.0,25
Tampere,pt,12.0,12.1,38
Tampere,pt,12.1,12.2,34
Tampere,pt,12.2,12.3,32
Tampere,pt,12.3,12.4,31
Tampere,pt,12.4,12.5,16
Tampere,pt,12.5,12.6,26
Tampere,pt,12.6,12.7,24
Tampere,pt,12.7,12.8,17
Tampere,pt,12.8,12.9,21
Tampere,pt,12.9,13.0,12
Tampere,pt,13.0,13.1,22
Tampere,pt,13.1,13.2,17
Tampere,pt,13.2,13.3,24
Tampere,pt,13.3,13.4,14
Tampere,pt,13.4,13.5,25
Tampere,pt,13.5,13.6,12
Tampere,pt,13.6,13.7,20
Tampere,pt,13.7,13.8,15
Tampere,pt,13.8,13.9,8
Tampere,pt,13.9,14.0,11
Tampere,pt,14.0,14.1,21
Tampere,pt,14.1,14.2,19
Tampere,pt,14.2,14.3,12
Tampere,pt,14.3,14.4,16
Tampere,pt,14.4,14.5,13
Tampere,pt,14.5,14.6,8
Tampere,pt,14.6,14.7,8
Tampere,pt,14.7,14.8,11
Tampere,pt,14.8,14.9,10
Tampere,pt,14.9,15.0,8
Tampere,pt,15.0,15.1,12
Tampere,pt,15.1,15.2,7
Tampere,pt,15.2,15.3,14
Tampere,pt,15.3,15.4,9
Tampere,pt,15.4,15.5,8
Tampere,pt,15.5,15.6,4
Tampere,pt,15.6,15.7,4
Tampere,pt,15.7,15.8,6
Tampere,pt,15.8,15.9,7
Tampere,pt,15.9,16.0,6
Tampere,pt,16.0,16.1,5
Tampere,pt,16.1,16.2,7
Tampere,pt,16.2,16.3,7
Tampere,pt,16.3,16.4,2
Tampere,pt,16.4,16.5,7
Tampere,pt,16.5,16.6,6
Tampere,pt,16.6,16.7,2
Tampere,pt,16.7,16.8,7
Tampere,pt,16.8,16.9,1
Tampere,pt,16.9,17.0,4
Tampere,pt,17.0,17.1,3
Tampere,pt,17.1,17.2,6
Tampere,pt,17.2,17.3,4
Tampere,pt,17.3,17.4,1
Tampere,pt,17.4,17.5,6
Tampere,pt,17.5,17.6,4
Tampere,pt,17.6,17.7,3
Tampere,pt,17.7,17.8,11
Tampere,pt,17.8,17.9,9
Tampere,pt,17.9,18.0,5
Tampere,pt,18.0,18.1,3
Tampere,pt,18.1,18.2,4
Tampere,pt,18.2,18.3,2
Tampere,pt,18.4,18.5,1
Tampere,pt,18.5,18.6,2
Tampere,pt,18.6,18.7,3
Tampere,pt,18.7,18.8,1
Tampere,pt,18.8,18.9,2
Tampere,pt,18.9,19.0,1
Tampere,pt,19.0,19.1,2
Tampere,pt,19.1,19.2,1
Tampere,pt,19.2,19.3,1
Tampere,pt,19.3,19.4,3
Tampere,pt,19.4,19.5,2
Tampere,pt,19.5,19.6,4
Tampere,pt,19.6,19.7,4
Tampere,pt,19.7,19.8,1
Tampere,pt,19.8,19.9,4
Tampere,pt,19.9,20.0,2
Tampere,pt,20.1,20.2,3
Tampere,pt,20.2,20.3,1
Tampere,pt,20.5,20.6,2
Tampere,pt,20.6,20.7,1
Tampere,pt,20.7,20.8,1
Tampere,pt,20.8,20.9,1
Tampere,pt,20.9,21.0,1
Tampere,pt,21.0,21.1,1
Tampere,pt,21.3,21.4,1
Tampere,pt,21.4,21.5,3
Tampere,pt,21.5,21.6,1
Tampere,pt,21.6,21.7,1
Tampere,pt,22.0,22.1,1
Tampere,pt,22.1,22.2,2
Tampere,pt,22.2,22.3,2
Tampere,pt,22.3,22.4,1
Tampere,pt,22.4,22.5,1
Tampere,pt,22.5,22.6,2
Tampere,pt,22.6,22.7,2
Tampere,pt,23.2,23.3,1
Tampere,pt,23.6,23.7,2
Tampere,pt,23.7,23.8,1
Tampere,pt,23.9,24.0,1
Tampere,pt,24.4,24.5,1
Tampere,pt,25.8,25.9,1
Tampere,pt,25.9,26.0,1
Tampere,pt,26.1,26.2,1
Tampere,pt,26.4,26.5,1
Tampere,pt,26.5,26.6,2
Tampere,pt,26.7,26.8,1
Tampere,pt,27.1,27.2,1
Tampere,pt,27.4,27.5,1
Tampere,pt,27.5,27.6,2
Tampere,pt,27.6,27.7,1
Tampere,pt,28.0,28.1,1
Tampere,pt,29.4,29.5,1
Oulu,pt,0.3,0.4,1
Oulu,pt,0.4,0.5,9
Oulu,pt,0.5,0.6,7
Oulu,pt,0.6,0.7,17
Oulu,pt,0.7,0.8,18
Oulu,pt,0.8,0.9,12
Oulu,pt,0.9,1.0,28
Oulu,pt,1.0,1.1,32
Oulu,pt,1.1,1.2,39
Oulu,pt,1.2,1.3,41
Oulu,pt,1.3,1.4,24
Oulu,pt,1.4,1.5,18
Oulu,pt,1.5,1.6,24
Oulu,pt,1.6,1.7,17
Oulu,pt,1.7,1.8,25
Oulu,pt,1.8,1.9,23
Oulu,pt,1.9,2.0,25
Oulu,pt,2.0,2.1,17
Oulu,pt,2.1,2.2,28
Oulu,pt,2.2,2.3,15
Oulu,pt,2.3,2.4,23
Oulu,pt,2.4,2.5,18
Oulu,pt,2.5,2.6,31
Oulu,pt,2.6,2.7,27
Oulu,pt,2.7,2.8,21
Oulu,pt,2.8,2.9,37
Oulu,pt,2.9,3.0,51
Oulu,pt,3.0,3.1,43
Oulu,pt,3.1,3.2,24
Oulu,pt,3.2,3.3,31
Oulu,pt,3.3,3.4,40
Oulu,pt,3.4,3.5,41
Oulu,pt,3.5,3.6,40
Oulu,pt,3.6,3.7,33
Oulu,pt,3.7,3.8,52
Oulu,pt,3.8,3.9,25
Oulu,pt,3.9,4.0,31
Oulu,pt,4.0,4.1,23
Oulu,pt,4.1,4.2,42
Oulu,pt,4.2,4.3,41
Oulu,pt,4.3,4.4,38
Oulu,pt,4.4,4.5,32
Oulu,pt,4.5,4.6,29
Oulu,pt,4.6,4.7,24
Oulu,pt,4.7,4.8,44
Oulu,pt,4.8,4.9,37
Oulu,pt,4.9,5.0,42
Oulu,pt,5.0,5.1,37
Oulu,pt,5.1,5.2,24
Oulu,pt,5.2,5.3,55
Oulu,pt,5.3,5.4,44
Oulu,pt,5.4,5.5,37
Oulu,pt,5.5,5.6,39
Oulu,pt,5.6,5.7,33
Oulu,pt,5.7,5.8,31
Oulu,pt,5.8,5.9,34
Oulu,pt,5.9,6.0,39
Oulu,pt,6.0,6.1,28
Oulu,pt,6.1,6.2,23
Oulu,pt,6.2,6.3,40
Oulu,pt,6.3,6.4,34
Oulu,pt,6.4,6.5,38
Oulu,pt,6.5,6.6,26
Oulu,pt,6.6,6.7,29
Oulu,pt,6.7,6.8,32
Oulu,pt,6.8,6.9,47
Oulu,pt,6.9,7.0,43
Oulu,pt,7.0,7.1,34
Oulu,pt,7.1,7.2,51
Oulu,pt,7.2,7.3,32
Oulu,pt,7.3,7.4,29
Oulu,pt,7.4,7.5,37
Oulu,pt,7.5,7.6,37
Oulu,pt,7.6,7.7,36
Oulu,pt,7.7,7.8,30
Oulu,pt,7.8,7.9,35
Oulu,pt,7.9,8.0,29
Oulu,pt,8.0,8.1,16
Oulu,pt,8.1,8.2,23
Oulu,pt,8.2,8.3,25
Oulu,pt,8.3,8.4,28
Oulu,pt,8.4,8.5,23
Oulu,pt,8.5,8.6,15
Oulu,pt,8.6,8.7,26
Oulu,pt,8.7,8.8,20
Oulu,pt,8.8,8.9,23
Oulu,pt,8.9,9.0,20
Oulu,pt,9.0,9.1,22
Oulu,pt,9.1,9.2,25
Oulu,pt,9.2,9.3,27
Oulu,pt,9.3,9.4,30
Oulu,pt,9.4,9.5,19
Oulu,pt,9.5,9.6,13
Oulu,pt,9.6,9.7,12
Oulu,pt,9.7,9.8,13
Oulu,pt,9.8,9.9,11
Oulu,pt,9.9,10.0,12
Oulu,pt,10.0,10.1,13
Oulu,pt,10.1,10.2,15
Oulu,pt,10.2,10.3,8
Oulu,pt,10.3,10.4,12
Oulu,pt,10.4,10.5,18
Oulu,pt,10.5,10.6,15
Oulu,pt,10.6,10.7,10
Oulu,pt,10.7,10.8,12
Oulu,pt,10.8,10.9,7
Oulu,pt,10.9,11.0,4
Oulu,pt,11.0,11.1,7
Oulu,pt,11.1,11.2,13
Oulu,pt,11.2,11.3,11
Oulu,pt,11.3,11.4,3
Oulu,pt,11.4,11.5,9
Oulu,pt,11.5,11.6,13
Oulu,pt,11.6,11.7,12
Oulu,pt,11.7,11.8,5
Oulu,pt,11.8,11.9,12
Oulu,pt,11.9,12.0,3
Oulu,pt,12.0,12.1,4
Oulu,pt,12.1,12.2,4
Oulu,pt,12.2,12.3,3
Oulu,pt,12.3,12.4,5
Oulu,pt,12.4,12.5,5
Oulu,pt,12.5,12.6,4
Oulu,pt,12.6,12.7,5
Oulu,pt,12.7,12.8,13
Oulu,pt,12.8,12.9,6
Oulu,pt,12.9,13.0,4
Oulu,pt,13.0,13.1,6
Oulu,pt,13.1,13.2,8
Oulu,pt,13.2,13.3,5
Oulu,pt,13.3,13.4,7
Oulu,pt,13.4,13.5,4
Oulu,pt,13.5,13.6,7
Oulu,pt,13.6,13.7,4
Oulu,pt,13.7,13.8,6
Oulu,pt,13.8,13.9,7
Oulu,pt,13.9,14.0,6
Oulu,pt,14.0,14.1,2
Oulu,pt,14.1,14.2,7
Oulu,pt,14.2,14.3,4
Oulu,pt,14.3,14.4,7
Oulu,pt,14.4,14.5,8
Oulu,pt,14.5,14.6,10
Oulu,pt,14.6,14.7,4
Oulu,pt,14.7,14.8,9
Oulu,pt,14.8,14.9,2
Oulu,pt,14.9,15.0,5
Oulu,pt,15.0,15.1,1
Oulu,pt,15.1,15.2,4
Oulu,pt,15.2,15.3,6
Oulu,pt,15.3,15.4,6
Oulu,pt,15.4,15.5,5
Oulu,pt,15.5,15.6,1
Oulu,pt,15.6,15.7,4
Oulu,pt,15.7,15.8,6
Oulu,pt,15.8,15.9,2
Oulu,pt,15.9,16.0,1
Oulu,pt,16.0,16.1,2
Oulu,pt,16.1,16.2,3
Oulu,pt,16.4,16.5,7
Oulu,pt,16.5,16.6,2
Oulu,pt,16.6,16.7,3
Oulu,pt,16.7,16.8,4
Oulu,pt,16.8,16.9,4
Oulu,pt,16.9,17.0,3
Oulu,pt,17.0,17.1,3
Oulu,pt,17.1,17.2,6
Oulu,pt,17.2,17.3,3
Oulu,pt,17.3,17.4,9
Oulu,pt,17.4,17.5,2
Oulu,pt,17.5,17.6,2
Oulu,pt,17.6,17.7,1
Oulu,pt,17.7,17.8,4
Oulu,pt,17.8,17.9,4
Oulu,pt,17.9,18.0,2
Oulu,pt,18.0,18.1,3
Oulu,pt,18.1,18.2,1
Oulu,pt,18.2,18.3,1
Oulu,pt,18.3,18.4,1
Oulu,pt,18.4,18.5,2
Oulu,pt,18.5,18.6,1
Oulu,pt,18.6,18.7,2
Oulu,pt,18.7,18.8,5
Oulu,pt,18.8,18.9,6
Oulu,pt,19.0,19.1,2
Oulu,pt,19.1,19.2,2
Oulu,pt,19.3,19.4,6
Oulu,pt,19.4,19.5,2
Oulu,pt,19.5,19.6,2
Oulu,pt,19.6,19.7,1
Oulu,pt,19.7,19.8,3
Oulu,pt,19.8,19.9,3
Oulu,pt,19.9,20.0,2
Oulu,pt,20.0,20.1,3
Oulu,pt,20.1,20.2,2
Oulu,pt,20.2,20.3,1
Oulu,pt,20.3,20.4,1
Oulu,pt,20.4,20.5,1
Oulu,pt,20.5,20.6,4
Oulu,pt,20.6,20.7,1
Oulu,pt,20.7,20.8,1
Oulu,pt,20.8,20.9,1
Oulu,pt,20.9,21.0,5
Oulu,pt,21.0,21.1,2
Oulu,pt,21.1,21.2,5
Oulu,pt,21.3,21.4,2
Oulu,pt,21.5,21.6,2
Oulu,pt,21.7,21.8,3
Oulu,pt,22.0,22.1,1
Oulu,pt,22.1,22.2,1
Oulu,pt,22.2,22.3,1
Oulu,pt,22.4,22.5,1
Oulu,pt,22.5,22.6,1
Oulu,pt,22.6,22.7,1
Oulu,pt,22.8,22.9,1
Oulu,pt,23.4,23.5,1
Oulu,pt,23.5,23.6,2
Oulu,pt,23.6,23.7,1
Oulu,pt,23.7,23.8,3
Oulu,pt,23.8,23.9,1
Oulu,pt,23.9,24.0,2
Oulu,pt,24.0,24.1,1
Oulu,pt,24.1,24.2,3
Oulu,pt,24.3,24.4,2
Oulu,pt,24.7,24.8,1
Oulu,pt,25.0,25.1,1
Oulu,pt,25.3,25.4,2
Oulu,pt,25.5,25.6,2
Oulu,pt,26.3,26.4,2
Oulu,pt,26.4,26.5,1
Oulu,pt,27.0,27.1,1
Oulu,pt,27.2,27.3,1
Oulu,pt,27.9,28.0,1
Overall,pt,0.3,0.4,49
Overall,pt,0.4,0.5,161
Overall,pt,0.5,0.6,272
Overall,pt,0.6,0.7,314
Overall,pt,0.7,0.8,392
Overall,pt,0.8,0.9,388
Overall,pt,0.9,1.0,378
Overall,pt,1.0,1.1,345
Overall,pt,1.1,1.2,389
Overall,pt,1.2,1.3,396
Overall,pt,1.3,1.4,350
Overall,pt,1.4,1.5,404
Overall,pt,1.5,1.6,397
Overall,pt,1.6,1.7,427
Overall,pt,1.7,1.8,478
Overall,pt,1.8,1.9,471
Overall,pt,1.9,2.0,443
Overall,pt,2.0,2.1,430
Overall,pt,2.1,2.2,431
Overall,pt,2.2,2.3,478
Overall,pt,2.3,2.4,500
Overall,pt,2.4,2.5,475
Overall,pt,2.5,2.6,596
Overall,pt,2.6,2.7,509
Overall,pt,2.7,2.8,578
Overall,pt,2.8,2.9,567
Overall,pt,2.9,3.0,561
Overall,pt,3.0,3.1,558
Overall,pt,3.1,3.2,555
Overall,pt,3.2,3.3,593
Overall,pt,3.3,3.4,609
Overall,pt,3.4,3.5,590
Overall,pt,3.5,3.6,584
Overall,pt,3.6,3.7,546
Overall,pt,3.7,3.8,618
Overall,pt,3.8,3.9,577
Overall,pt,3.9,4.0,576
Overall,pt,4.0,4.1,554
Overall,pt,4.1,4.2,647
Overall,pt,4.2,4.3,572
Overall,pt,4.3,4.4,552
Overall,pt,4.4,4.5,589
Overall,pt,4.5,4.6,545
Overall,pt,4.6,4.7,541
Overall,pt,4.7,4.8,589
Overall,pt,4.8,4.9,620
Overall,pt,4.9,5.0,558
Overall,pt,5.0,5.1,553
Overall,pt,5.1,5.2,575
Overall,pt,5.2,5.3,564
Overall,pt,5.3,5.4,573
Overall,pt,5.4,5.5,567
Overall,pt,5.5,5.6,514
Overall,pt,5.6,5.7,513
Overall,pt,5.7,5.8,568
Overall,pt,5.8,5.9,554
Overall,pt,5.9,6.0,550
Overall,pt,6.0,6.1,527
Overall,pt,6.1,6.2,482
Overall,pt,6.2,6.3,540
Overall,pt,6.3,6.4,517
Overall,pt,6.4,6.5,517
Overall,pt,6.5,6.6,514
Overall,pt,6.6,6.7,463
Overall,pt,6.7,6.8,537
Overall,pt,6.8,6.9,516
Overall,pt,6.9,7.0,456
Overall,pt,7.0,7.1,464
Overall,pt,7.1,7.2,461
Overall,pt,7.2,7.3,390
Overall,pt,7.3,7.4,399
Overall,pt,7.4,7.5,394
Overall,pt,7.5,7.6,421
Overall,pt,7.6,7.7,388
Overall,pt,7.7,7.8,384
Overall,pt,7.8,7.9,365
Overall,pt,7.9,8.0,393
Overall,pt,8.0,8.1,383
Overall,pt,8.1,8.2,351
Overall,pt,8.2,8.3,353
Overall,pt,8.3,8.4,366
Overall,pt,8.4,8.5,329
Overall,pt,8.5,8.6,318
Overall,pt,8.6,8.7,310
Overall,pt,8.7,8.8,306
Overall,pt,8.8,8.9,321
Overall,pt,8.9,9.0,346
Overall,pt,9.0,9.1,304
Overall,pt,9.1,9.2,319
Overall,pt,9.2,9.3,304
Overall,pt,9.3,9.4,290
Overall,pt,9.4,9.5,287
Overall,pt,9.5,9.6,318
Overall,pt,9.6,9.7,261
Overall,pt,9.7,9.8,265
Overall,pt,9.8,9.9,293
Overall,pt,9.9,10.0,246
Overall,pt,10.0,10.1,265
Overall,pt,10.1,10.2,271
Overall,pt,10.2,10.3,297
Overall,pt,10.3,10.4,234
Overall,pt,10.4,10.5,239
Overall,pt,10.5,10.6,250
Overall,pt,10.6,10.7,223
Overall,pt,10.7,10.8,226
Overall,pt,10.8,10.9,215
Overall,pt,10.9,11.0,225
Overall,pt,11.0,11.1,180
Overall,pt,11.1,11.2,231
Overall,pt,11.2,11.3,191
Overall,pt,11.3,11.4,191
Overall,pt,11.4,11.5,176
Overall,pt,11.5,11.6,185
Overall,pt,11.6,11.7,190
Overall,pt,11.7,11.8,171
Overall,pt,11.8,11.9,177
Overall,pt,11.9,12.0,156
Overall,pt,12.0,12.1,159
Overall,pt,12.1,12.2,157
Overall,pt,12.2,12.3,153
Overall,pt,12.3,12.4,150
Overall,pt,12.4,12.5,146
Overall,pt,12.5,12.6,142
Overall,pt,12.6,12.7,132
Overall,pt,12.7,12.8,132
Overall,pt,12.8,12.9,132
Overall,pt,12.9,13.0,106
Overall,pt,13.0,13.1,123
Overall,pt,13.1,13.2,108
Overall,pt,13.2,13.3,119
Overall,pt,13.3,13.4,101
Overall,pt,13.4,13.5,125
Overall,pt,13.5,13.6,101
Overall,pt,13.6,13.7,107
Overall,pt,13.7,13.8,92
Overall,pt,13.8,13.9,91
Overall,pt,13.9,14.0,90
Overall,pt,14.0,14.1,106
Overall,pt,14.1,14.2,86
Overall,pt,14.2,14.3,66
Overall,pt,14.3,14.4,86
Overall,pt,14.4,14.5,75
Overall,pt,14.5,14.6,77
Overall,pt,14.6,14.7,66
Overall,pt,14.7,14.8,61
Overall,pt,14.8,14.9,55
Overall,pt,14.9,15.0,53
Overall,pt,15.0,15.1,58
Overall,pt,15.1,15.2,42
Overall,pt,15.2,15.3,61
Overall,pt,15.3,15.4,46
Overall,pt,15.4,15.5,54
Overall,pt,15.5,15.6,36
Overall,pt,15.6,15.7,49
Overall,pt,15.7,15.8,41
Overall,pt,15.8,15.9,30
Overall,pt,15.9,16.0,44
Overall,pt,16.0,16.1,39
Overall,pt,16.1,16.2,32
Overall,pt,16.2,16.3,32
Overall,pt,16.3,16.4,36
Overall,pt,16.4,16.5,37
Overall,pt,16.5,16.6,33
Overall,pt,16.6,16.7,45
Overall,pt,16.7,16.8,29
Overall,pt,16.8,16.9,28
Overall,pt,16.9,17.0,21
Overall,pt,17.0,17.1,25
Overall,pt,17.1,17.2,43
Overall,pt,17.2,17.3,23
Overall,pt,17.3,17.4,24
Overall,pt,17.4,17.5,28
Overall,pt,17.5,17.6,24
Overall,pt,17.6,17.7,20
Overall,pt,17.7,17.8,32
Overall,pt,17.8,17.9,33
Overall,pt,17.9,18.0,22
Overall,pt,18.0,18.1,17
Overall,pt,18.1,18.2,16
Overall,pt,18.2,18.3,12
Overall,pt,18.3,18.4,17
Overall,pt,18.4,18.5,12
Overall,pt,18.5,18.6,13
Overall,pt,18.6,18.7,13
Overall,pt,18.7,18.8,12
Overall,pt,18.8,18.9,17
Overall,pt,18.9,19.0,6
Overall,pt,19.0,19.1,11
Overall,pt,19.1,19.2,12
Overall,pt,19.2,19.3,7
Overall,pt,19.3,19.4,17
Overall,pt,19.4,19.5,13
Overall,pt,19.5,19.6,11
Overall,pt,19.6,19.7,10
Overall,pt,19.7,19.8,6
Overall,pt,19.8,19.9,17
Overall,pt,19.9,20.0,9
Overall,pt,20.0,20.1,4
Overall,pt,20.1,20.2,9
Overall,pt,20.2,20.3,9
Overall,pt,20.3,20.4,3
Overall,pt,20.4,20.5,3
Overall,pt,20.5,20.6,12
Overall,pt,20.6,20.7,4
Overall,pt,20.7,20.8,3
Overall,pt,20.8,20.9,9
Overall,pt,20.9,21.0,10
Overall,pt,21.0,21.1,7
Overall,pt,21.1,21.2,6
Overall,pt,21.2,21.3,3
Overall,pt,21.3,21.4,4
Overall,pt,21.4,21.5,4
Overall,pt,21.5,21.6,4
Overall,pt,21.6,21.7,1
Overall,pt,21.7,21.8,6
Overall,pt,21.8,21.9,1
Overall,pt,21.9,22.0,1
Overall,pt,22.0,22.1,6
Overall,pt,22.1,22.2,3
Overall,pt,22.2,22.3,6
Overall,pt,22.3,22.4,2
Overall,pt,22.4,22.5,4
Overall,pt,22.5,22.6,3
Overall,pt,22.6,22.7,6
Overall,pt,22.7,22.8,1
Overall,pt,22.8,22.9,3
Overall,pt,22.9,23.0,1
Overall,pt,23.0,23.1,1
Overall,pt,23.2,23.3,2
Overall,pt,23.4,23.5,3
Overall,pt,23.5,23.6,2
Overall,pt,23.6,23.7,4
Overall,pt,23.7,23.8,4
Overall,pt,23.8,23.9,2
Overall,pt,23.9,24.0,4
Overall,pt,24.0,24.1,1
Overall,pt,24.1,24.2,3
Overall,pt,24.3,24.4,2
Overall,pt,24.4,24.5,1
Overall,pt,24.7,24.8,1
Overall,pt,25.0,25.1,1
Overall,pt,25.2,25.3,1
Overall,pt,25.3,25.4,2
Overall,pt,25.5,25.6,2
Overall,pt,25.7,25.8,1
Overall,pt,25.8,25.9,2
Overall,pt,25.9,26.0,1
Overall,pt,26.1,26.2,1
Overall,pt,26.3,26.4,2
Overall,pt,26.4,26.5,2
Overall,pt,26.5,26.6,2
Overall,pt,26.7,26.8,1
Overall,pt,27.0,27.1,1
Overall,pt,27.1,27.2,1
Overall,pt,27.2,27.3,2
Overall,pt,27.4,27.5,1
Overall,pt,27.5,27.6,2
Overall,pt,27.6,27.7,1
Overall,pt,27.9,28.0,1
Overall,pt,28.0,28.1,1
Overall,pt,29.4,29.5,1
Helsinki,car,2.5,2.6,1
Helsinki,car,2.6,2.7,2
Helsinki,car,2.7,2.8,1
Helsinki,car,2.8,2.9,3
Helsinki,car,2.9,3.0,4
Helsinki,car,3.0,3.1,6
Helsinki,car,3.1,3.2,11
Helsinki,car,3.2,3.3,12
Helsinki,car,3.3,3.4,12
Helsinki,car,3.4,3.5,6
Helsinki,car,3.5,3.6,12
Helsinki,car,3.6,3.7,18
Helsinki,car,3.7,3.8,23
Helsinki,car,3.8,3.9,25
Helsinki,car,3.9,4.0,26
Helsinki,car,4.0,4.1,26
Helsinki,car,4.1,4.2,40
Helsinki,car,4.2,4.3,32
Helsinki,car,4.3,4.4,24
Helsinki,car,4.4,4.5,42
Helsinki,car,4.5,4.6,50
Helsinki,car,4.6,4.7,41
Helsinki,car,4.7,4.8,40
Helsinki,car,4.8,4.9,47
Helsinki,car,4.9,5.0,45
Helsinki,car,5.0,5.1,59
Helsinki,car,5.1,5.2,59
Helsinki,car,5.2,5.3,59
Helsinki,car,5.3,5.4,64
Helsinki,car,5.4,5.5,62
Helsinki,car,5.5,5.6,74
Helsinki,car,5.6,5.7,57
Helsinki,car,5.7,5.8,62
Helsinki,car,5.8,5.9,58
Helsinki,car,5.9,6.0,80
Helsinki,car,6.0,6.1,67
Helsinki,car,6.1,6.2,84
Helsinki,car,6.2,6.3,78
Helsinki,car,6.3,6.4,89
Helsinki,car,6.4,6.5,75
Helsinki,car,6.5,6.6,84
Helsinki,car,6.6,6.7,107
Helsinki,car,6.7,6.8,101
Helsinki,car,6.8,6.9,107
Helsinki,car,6.9,7.0,98
Helsinki,car,7.0,7.1,92
Helsinki,car,7.1,7.2,103
Helsinki,car,7.2,7.3,97
Helsinki,car,7.3,7.4,102
Helsinki,car,7.4,7.5,103
Helsinki,car,7.5,7.6,101
Helsinki,car,7.6,7.7,97
Helsinki,car,7.7,7.8,110
Helsinki,car,7.8,7.9,143
Helsinki,car,7.9,8.0,116
Helsinki,car,8.0,8.1,122
Helsinki,car,8.1,8.2,130
Helsinki,car,8.2,8.3,120
Helsinki,car,8.3,8.4,125
Helsinki,car,8.4,8.5,116
Helsinki,car,8.5,8.6,120
Helsinki,car,8.6,8.7,104
Helsinki,car,8.7,8.8,131
Helsinki,car,8.8,8.9,114
Helsinki,car,8.9,9.0,127
Helsinki,car,9.0,9.1,128
Helsinki,car,9.1,9.2,116
Helsinki,car,9.2,9.3,111
Helsinki,car,9.3,9.4,111
Helsinki,car,9.4,9.5,93
Helsinki,car,9.5,9.6,96
Helsinki,car,9.6,9.7,109
Helsinki,car,9.7,9.8,101
Helsinki,car,9.8,9.9,99
Helsinki,car,9.9,10.0,129
Helsinki,car,10.0,10.1,101
Helsinki,car,10.1,10.2,104
Helsinki,car,10.2,10.3,120
Helsinki,car,10.3,10.4,117
Helsinki,car,10.4,10.5,110
Helsinki,car,10.5,10.6,118
Helsinki,car,10.6,10.7,102
Helsinki,car,10.7,10.8,101
Helsinki,car,10.8,10.9,108
Helsinki,car,10.9,11.0,100
Helsinki,car,11.0,11.1,92
Helsinki,car,11.1,11.2,105
Helsinki,car,11.2,11.3,131
Helsinki,car,11.3,11.4,110
Helsinki,car,11.4,11.5,140
Helsinki,car,11.5,11.6,112
Helsinki,car,11.6,11.7,109
Helsinki,car,11.7,11.8,102
Helsinki,car,11.8,11.9,112
Helsinki,car,11.9,12.0,107
Helsinki,car,12.0,12.1,92
Helsinki,car,12.1,12.2,111
Helsinki,car,12.2,12.3,116
Helsinki,car,12.3,12.4,120
Helsinki,car,12.4,12.5,112
Helsinki,car,12.5,12.6,114
Helsinki,car,12.6,12.7,115
Helsinki,car,12.7,12.8,132
Helsinki,car,12.8,12.9,108
Helsinki,car,12.9,13.0,108
Helsinki,car,13.0,13.1,118
Helsinki,car,13.1,13.2,110
Helsinki,car,13.2,13.3,120
Helsinki,car,13.3,13.4,110
Helsinki,car,13.4,13.5,124
Helsinki,car,13.5,13.6,113
Helsinki,car,13.6,13.7,118
Helsinki,car,13.7,13.8,111
Helsinki,car,13.8,13.9,123
Helsinki,car,13.9,14.0,118
Helsinki,car,14.0,14.1,105
Helsinki,car,14.1,14.2,95
Helsinki,car,14.2,14.3,115
Helsinki,car,14.3,14.4,114
Helsinki,car,14.4,14.5,122
Helsinki,car,14.5,14.6,97
Helsinki,car,14.6,14.7,106
Helsinki,car,14.7,14.8,91
Helsinki,car,14.8,14.9,122
Helsinki,car,14.9,15.0,134
Helsinki,car,15.0,15.1,96
Helsinki,car,15.1,15.2,105
Helsinki,car,15.2,15.3,111
Helsinki,car,15.3,15.4,115
Helsinki,car,15.4,15.5,129
Helsinki,car,15.5,15.6,125
Helsinki,car,15.6,15.7,118
Helsinki,car,15.7,15.8,105
Helsinki,car,15.8,15.9,111
Helsinki,car,15.9,16.0,107
Helsinki,car,16.0,16.1,105
Helsinki,car,16.1,16.2,104
Helsinki,car,16.2,16.3,102
Helsinki,car,16.3,16.4,92
Helsinki,car,16.4,16.5,111
Helsinki,car,16.5,16.6,104
Helsinki,car,16.6,16.7,117
Helsinki,car,16.7,16.8,123
Helsinki,car,16.8,16.9,99
Helsinki,car,16.9,17.0,110
Helsinki,car,17.0,17.1,124
Helsinki,car,17.1,17.2,104
Helsinki,car,17.2,17.3,124
Helsinki,car,17.3,17.4,108
Helsinki,car,17.4,17.5,120
Helsinki,car,17.5,17.6,98
Helsinki,car,17.6,17.7,118
Helsinki,car,17.7,17.8,116
Helsinki,car,17.8,17.9,113
Helsinki,car,17.9,18.0,115
Helsinki,car,18.0,18.1,122
Helsinki,car,18.1,18.2,110
Helsinki,car,18.2,18.3,93
Helsinki,car,18.3,18.4,113
Helsinki,car,18.4,18.5,111
Helsinki,car,18.5,18.6,111
Helsinki,car,18.6,18.7,119
Helsinki,car,18.7,18.8,121
Helsinki,car,18.8,18.9,107
Helsinki,car,18.9,19.0,115
Helsinki,car,19.0,19.1,93
Helsinki,car,19.1,19.2,110
Helsinki,car,19.2,19.3,103
Helsinki,car,19.3,19.4,108
Helsinki,car,19.4,19.5,114
Helsinki,car,19.5,19.6,109
Helsinki,car,19.6,19.7,105
Helsinki,car,19.7,19.8,123
Helsinki,car,19.8,19.9,97
Helsinki,car,19.9,20.0,113
Helsinki,car,20.0,20.1,98
Helsinki,car,20.1,20.2,116
Helsinki,car,20.2,20.3,109
Helsinki,car,20.3,20.4,112
Helsinki,car,20.4,20.5,119
Helsinki,car,20.5,20.6,101
Helsinki,car,20.6,20.7,114
Helsinki,car,20.7,20.8,132
Helsinki,car,20.8,20.9,122
Helsinki,car,20.9,21.0,120
Helsinki,car,21.0,21.1,102
Helsinki,car,21.1,21.2,106
Helsinki,car,21.2,21.3,129
Helsinki,car,21.3,21.4,138
Helsinki,car,21.4,21.5,133
Helsinki,car,21.5,21.6,120
Helsinki,car,21.6,21.7,127
Helsinki,car,21.7,21.8,111
Helsinki,car,21.8,21.9,93
Helsinki,car,21.9,22.0,110
Helsinki,car,22.0,22.1,121
Helsinki,car,22.1,22.2,125
Helsinki,car,22.2,22.3,102
Helsinki,car,22.3,22.4,100
Helsinki,car,22.4,22.5,123
Helsinki,car,22.5,22.6,112
Helsinki,car,22.6,22.7,137
Helsinki,car,22.7,22.8,107
Helsinki,car,22.8,22.9,103
Helsinki,car,22.9,23.0,97
Helsinki,car,23.0,23.1,115
Helsinki,car,23.1,23.2,108
Helsinki,car,23.2,23.3,126
Helsinki,car,23.3,23.4,117
Helsinki,car,23.4,23.5,104
Helsinki,car,23.5,23.6,106
Helsinki,car,23.6,23.7,109
Helsinki,car,23.7,23.8,103
Helsinki,car,23.8,23.9,112
Helsinki,car,23.9,24.0,108
Helsinki,car,24.0,24.1,91
Helsinki,car,24.1,24.2,117
Helsinki,car,24.2,24.3,113
Helsinki,car,24.3,24.4,100
Helsinki,car,24.4,24.5,96
Helsinki,car,24.5,24.6,122
Helsinki,car,24.6,24.7,109
Helsinki,car,24.7,24.8,124
Helsinki,car,24.8,24.9,119
Helsinki,car,24.9,25.0,108
Helsinki,car,25.0,25.1,113
Helsinki,car,25.1,25.2,110
Helsinki,car,25.2,25.3,88
Helsinki,car,25.3,25.4,116
Helsinki,car,25.4,25.5,89
Helsinki,car,25.5,25.6,102
Helsinki,car,25.6,25.7,118
Helsinki,car,25.7,25.8,96
Helsinki,car,25.8,25.9,112
Helsinki,car,25.9,26.0,91
Helsinki,car,26.0,26.1,121
Helsinki,car,26.1,26.2,95
Helsinki,car,26.2,26.3,110
Helsinki,car,26.3,26.4,102
Helsinki,car,26.4,26.5,106
Helsinki,car,26.5,26.6,117
Helsinki,car,26.6,26.7,102
Helsinki,car,26.7,26.8,118
Helsinki,car,26.8,26.9,103
Helsinki,car,26.9,27.0,91
Helsinki,car,27.0,27.1,93
Helsinki,car,27.1,27.2,105
Helsinki,car,27.2,27.3,103
Helsinki,car,27.3,27.4,113
Helsinki,car,27.4,27.5,90
Helsinki,car,27.5,27.6,113
Helsinki,car,27.6,27.7,92
Helsinki,car,27.7,27.8,96
Helsinki,car,27.8,27.9,88
Helsinki,car,27.9,28.0,93
Helsinki,car,28.0,28.1,106
Helsinki,car,28.1,28.2,92
Helsinki,car,28.2,28.3,99
Helsinki,car,28.3,28.4,91
Helsinki,car,28.4,28.5,102
Helsinki,car,28.5,28.6,100
Helsinki,car,28.6,28.7,99
Helsinki,car,28.7,28.8,93
Helsinki,car,28.8,28.9,88
Helsinki,car,28.9,29.0,98
Helsinki,car,29.0,29.1,86
Helsinki,car,29.1,29.2,84
Helsinki,car,29.2,29.3,86
Helsinki,car,29.3,29.4,94
Helsinki,car,29.4,29.5,76
Helsinki,car,29.5,29.6,87
Helsinki,car,29.6,29.7,101
Helsinki,car,29.7,29.8,75
Helsinki,car,29.8,29.9,71
Helsinki,car,29.9,30.0,87
Helsinki,car,30.0,30.1,74
Helsinki,car,30.1,30.2,74
Helsinki,car,30.2,30.3,87
Helsinki,car,30.3,30.4,89
Helsinki,car,30.4,30.5,96
Helsinki,car,30.5,30.6,86
Helsinki,car,30.6,30.7,87
Helsinki,car,30.7,30.8,70
Helsinki,car,30.8,30.9,84
Helsinki,car,30.9,31.0,72
Helsinki,car,31.0,31.1,74
Helsinki,car,31.1,31.2,68
Helsinki,car,31.2,31.3,75
Helsinki,car,31.3,31.4,68
Helsinki,car,31.4,31.5,70
Helsinki,car,31.5,31.6,78
Helsinki,car,31.6,31.7,82
Helsinki,car,31.7,31.8,69
Helsinki,car,31.8,31.9,77
Helsinki,car,31.9,32.0,61
Helsinki,car,32.0,32.1,63
Helsinki,car,32.1,32.2,68
Helsinki,car,32.2,32.3,60
Helsinki,car,32.3,32.4,63
Helsinki,car,32.4,32.5,66
Helsinki,car,32.5,32.6,66
Helsinki,car,32.6,32.7,62
Helsinki,car,32.7,32.8,68
Helsinki,car,32.8,32.9,68
Helsinki,car,32.9,33.0,53
Helsinki,car,33.0,33.1,67
Helsinki,car,33.1,33.2,76
Helsinki,car,33.2,33.3,77
Helsinki,car,33.3,33.4,69
Helsinki,car,33.4,33.5,76
Helsinki,car,33.5,33.6,71
Helsinki,car,33.6,33.7,56
Helsinki,car,33.7,33.8,69
Helsinki,car,33.8,33.9,61
Helsinki,car,33.9,34.0,68
Helsinki,car,34.0,34.1,54
Helsinki,car,34.1,34.2,76
Helsinki,car,34.2,34.3,48
Helsinki,car,34.3,34.4,42
Helsinki,car,34.4,34.5,66
Helsinki,car,34.5,34.6,50
Helsinki,car,34.6,34.7,61
Helsinki,car,34.7,34.8,49
Helsinki,car,34.8,34.9,58
Helsinki,car,34.9,35.0,46
Helsinki,car,35.0,35.1,56
Helsinki,car,35.1,35.2,55
Helsinki,car,35.2,35.3,42
Helsinki,car,35.3,35.4,46
Helsinki,car,35.4,35.5,41
Helsinki,car,35.5,35.6,48
Helsinki,car,35.6,35.7,39
Helsinki,car,35.7,35.8,45
Helsinki,car,35.8,35.9,45
Helsinki,car,35.9,36.0,47
Helsinki,car,36.0,36.1,54
Helsinki,car,36.1,36.2,46
Helsinki,car,36.2,36.3,54
Helsinki,car,36.3,36.4,46
Helsinki,car,36.4,36.5,52
Helsinki,car,36.5,36.6,52
Helsinki,car,36.6,36.7,46
Helsinki,car,36.7,36.8,42
Helsinki,car,36.8,36.9,34
Helsinki,car,36.9,37.0,45
Helsinki,car,37.0,37.1,30
Helsinki,car,37.1,37.2,36
Helsinki,car,37.2,37.3,49
Helsinki,car,37.3,37.4,37
Helsinki,car,37.4,37.5,34
Helsinki,car,37.5,37.6,44
Helsinki,car,37.6,37.7,37
Helsinki,car,37.7,37.8,30
Helsinki,car,37.8,37.9,28
Helsinki,car,37.9,38.0,42
Helsinki,car,38.0,38.1,35
Helsinki,car,38.1,38.2,35
Helsinki,car,38.2,38.3,32
Helsinki,car,38.3,38.4,28
Helsinki,car,38.4,38.5,33
Helsinki,car,38.5,38.6,34
Helsinki,car,38.6,38.7,26
Helsinki,car,38.7,38.8,29
Helsinki,car,38.8,38.9,27
Helsinki,car,38.9,39.0,31
Helsinki,car,39.0,39.1,33
Helsinki,car,39.1,39.2,32
Helsinki,car,39.2,39.3,20
Helsinki,car,39.3,39.4,35
Helsinki,car,39.4,39.5,35
Helsinki,car,39.5,39.6,30
Helsinki,car,39.6,39.7,27
Helsinki,car,39.7,39.8,33
Helsinki,car,39.8,39.9,25
Helsinki,car,39.9,40.0,38
Helsinki,car,40.0,40.1,35
Helsinki,car,40.1,40.2,23
Helsinki,car,40.2,40.3,27
Helsinki,car,40.3,40.4,29
Helsinki,car,40.4,40.5,27
Helsinki,car,40.5,40.6,19
Helsinki,car,40.6,40.7,30
Helsinki,car,40.7,40.8,22
Helsinki,car,40.8,40.9,29
Helsinki,car,40.9,41.0,18
Helsinki,car,41.0,41.1,20
Helsinki,car,41.1,41.2,18
Helsinki,car,41.2,41.3,28
Helsinki,car,41.3,41.4,27
Helsinki,car,41.4,41.5,19
Helsinki,car,41.5,41.6,25
Helsinki,car,41.6,41.7,20
Helsinki,car,41.7,41.8,14
Helsinki,car,41.8,41.9,33
Helsinki,car,41.9,42.0,20
Helsinki,car,42.0,42.1,21
Helsinki,car,42.1,42.2,31
Helsinki,car,42.2,42.3,22
Helsinki,car,42.3,42.4,25
Helsinki,car,42.4,42.5,18
Helsinki,car,42.5,42.6,20
Helsinki,car,42.6,42.7,22
Helsinki,car,42.7,42.8,24
Helsinki,car,42.8,42.9,18
Helsinki,car,42.9,43.0,23
Helsinki,car,43.0,43.1,22
Helsinki,car,43.1,43.2,19
Helsinki,car,43.2,43.3,27
Helsinki,car,43.3,43.4,25
Helsinki,car,43.4,43.5,18
Helsinki,car,43.5,43.6,22
Helsinki,car,43.6,43.7,26
Helsinki,car,43.7,43.8,24
Helsinki,car,43.8,43.9,23
Helsinki,car,43.9,44.0,23
Helsinki,car,44.0,44.1,22
Helsinki,car,44.1,44.2,18
Helsinki,car,44.2,44.3,20
Helsinki,car,44.3,44.4,23
Helsinki,car,44.4,44.5,23
Helsinki,car,44.5,44.6,13
Helsinki,car,44.6,44.7,23
Helsinki,car,44.7,44.8,15
Helsinki,car,44.8,44.9,14
Helsinki,car,44.9,45.0,19
Helsinki,car,45.0,45.1,14
Helsinki,car,45.1,45.2,11
Helsinki,car,45.2,45.3,17
Helsinki,car,45.3,45.4,12
Helsinki,car,45.4,45.5,16
Helsinki,car,45.5,45.6,22
Helsinki,car,45.6,45.7,12
Helsinki,car,45.7,45.8,15
Helsinki,car,45.8,45.9,18
Helsinki,car,45.9,46.0,17
Helsinki,car,46.0,46.1,14
Helsinki,car,46.1,46.2,10
Helsinki,car,46.2,46.3,19
Helsinki,car,46.3,46.4,7
Helsinki,car,46.4,46.5,11
Helsinki,car,46.5,46.6,18
Helsinki,car,46.6,46.7,17
Helsinki,car,46.7,46.8,12
Helsinki,car,46.8,46.9,12
Helsinki,car,46.9,47.0,13
Helsinki,car,47.0,47.1,15
Helsinki,car,47.1,47.2,10
Helsinki,car,47.2,47.3,9
Helsinki,car,47.3,47.4,12
Helsinki,car,47.4,47.5,18
Helsinki,car,47.5,47.6,8
Helsinki,car,47.6,47.7,15
Helsinki,car,47.7,47.8,12
Helsinki,car,47.8,47.9,15
Helsinki,car,47.9,48.0,13
Helsinki,car,48.0,48.1,18
Helsinki,car,48.1,48.2,13
Helsinki,car,48.2,48.3,15
Helsinki,car,48.3,48.4,16
Helsinki,car,48.4,48.5,5
Helsinki,car,48.5,48.6,14
Helsinki,car,48.6,48.7,11
Helsinki,car,48.7,48.8,7
Helsinki,car,48.8,48.9,7
Helsinki,car,48.9,49.0,8
Helsinki,car,49.0,49.1,9
Helsinki,car,49.1,49.2,10
Helsinki,car,49.2,49.3,7
Helsinki,car,49.3,49.4,5
Helsinki,car,49.4,49.5,9
Helsinki,car,49.5,49.6,8
Helsinki,car,49.6,49.7,6
Helsinki,car,49.7,49.8,15
Helsinki,car,49.8,49.9,7
Helsinki,car,49.9,50.0,9
Helsinki,car,50.0,50.1,7
Helsinki,car,50.1,50.2,6
Helsinki,car,50.2,50.3,4
Helsinki,car,50.3,50.4,9
Helsinki,car,50.4,50.5,6
Helsinki,car,50.5,50.6,8
Helsinki,car,50.6,50.7,2
Helsinki,car,50.7,50.8,6
Helsinki,car,50.8,50.9,8
Helsinki,car,50.9,51.0,3
Helsinki,car,51.0,51.1,9
Helsinki,car,51.1,51.2,11
Helsinki,car,51.2,51.3,6
Helsinki,car,51.3,51.4,3
Helsinki,car,51.4,51.5,1
Helsinki,car,51.5,51.6,7
Helsinki,car,51.6,51.7,3
Helsinki,car,51.7,51.8,2
Helsinki,car,51.8,51.9,5
Helsinki,car,51.9,52.0,4
Helsinki,car,52.0,52.1,5
Helsinki,car,52.1,52.2,8
Helsinki,car,52.2,52.3,3
Helsinki,car,52.3,52.4,2
Helsinki,car,52.4,52.5,6
Helsinki,car,52.5,52.6,1
Helsinki,car,52.6,52.7,4
Helsinki,car,52.7,52.8,4
Helsinki,car,52.8,52.9,3
Helsinki,car,52.9,53.0,2
Helsinki,car,53.0,53.1,5
Helsinki,car,53.1,53.2,3
Helsinki,car,53.2,53.3,3
Helsinki,car,53.3,53.4,3
Helsinki,car,53.4,53.5,4
Helsinki,car,53.5,53.6,5
Helsinki,car,53.6,53.7,4
Helsinki,car,53.7,53.8,1
Helsinki,car,53.8,53.9,5
Helsinki,car,53.9,54.0,3
Helsinki,car,54.0,54.1,4
Helsinki,car,54.1,54.2,4
Helsinki,car,54.2,54.3,1
Helsinki,car,54.3,54.4,1
Helsinki,car,54.4,54.5,2
Helsinki,car,54.5,54.6,1
Helsinki,car,54.6,54.7,2
Helsinki,car,54.7,54.8,4
Helsinki,car,54.9,55.0,3
Helsinki,car,55.0,55.1,1
Helsinki,car,55.1,55.2,2
Helsinki,car,55.5,55.6,1
Helsinki,car,55.6,55.7,2
Helsinki,car,55.7,55.8,3
Helsinki,car,55.8,55.9,2
Helsinki,car,55.9,56.0,2
Helsinki,car,56.0,56.1,2
Helsinki,car,56.1,56.2,1
Helsinki,car,56.2,56.3,3
Helsinki,car,56.3,56.4,1
Helsinki,car,56.4,56.5,1
Helsinki,car,56.5,56.6,1
Helsinki,car,56.6,56.7,1
Helsinki,car,56.7,56.8,1
Helsinki,car,56.8,56.9,1
Helsinki,car,56.9,57.0,1
Helsinki,car,57.1,57.2,4
Helsinki,car,57.6,57.7,2
Helsinki,car,57.8,57.9,1
Helsinki,car,57.9,58.0,1
Helsinki,car,58.0,58.1,3
Helsinki,car,58.1,58.2,1
Helsinki,car,58.2,58.3,1
Helsinki,car,58.3,58.4,2
Helsinki,car,58.4,58.5,1
Helsinki,car,58.5,58.6,1
Helsinki,car,58.7,58.8,1
Helsinki,car,59.0,59.1,1
Helsinki,car,59.4,59.5,1
Helsinki,car,59.5,59.6,1
Helsinki,car,59.8,59.9,1
Helsinki,car,60.0,inf,6
Turku,car,3.8,3.9,1
Turku,car,3.9,4.0,1
Turku,car,4.6,4.7,3
Turku,car,4.7,4.8,1
Turku,car,4.8,4.9,2
Turku,car,4.9,5.0,1
Turku,car,5.0,5.1,1
Turku,car,5.1,5.2,4
Turku,car,5.2,5.3,4
Turku,car,5.3,5.4,1
Turku,car,5.4,5.5,5
Turku,car,5.5,5.6,6
Turku,car,5.6,5.7,9
Turku,car,5.7,5.8,5
Turku,car,5.8,5.9,4
Turku,car,5.9,6.0,11
Turku,car,6.0,6.1,10
Turku,car,6.1,6.2,16
Turku,car,6.2,6.3,16
Turku,car,6.3,6.4,8
Turku,car,6.4,6.5,11
Turku,car,6.5,6.6,15
Turku,car,6.6,6.7,17
Turku,car,6.7,6.8,13
Turku,car,6.8,6.9,17
Turku,car,6.9,7.0,16
Turku,car,7.0,7.1,30
Turku,car,7.1,7.2,20
Turku,car,7.2,7.3,27
Turku,car,7.3,7.4,30
Turku,car,7.4,7.5,29
Turku,car,7.5,7.6,33
Turku,car,7.6,7.7,32
Turku,car,7.7,7.8,31
Turku,car,7.8,7.9,28
Turku,car,7.9,8.0,28
Turku,car,8.0,8.1,34
Turku,car,8.1,8.2,36
Turku,car,8.2,8.3,36
Turku,car,8.3,8.4,34
Turku,car,8.4,8.5,34
Turku,car,8.5,8.6,38
Turku,car,8.6,8.7,32
Turku,car,8.7,8.8,33
Turku,car,8.8,8.9,39
Turku,car,8.9,9.0,48
Turku,car,9.0,9.1,31
Turku,car,9.1,9.2,34
Turku,car,9.2,9.3,44
Turku,car,9.3,9.4,56
Turku,car,9.4,9.5,53
Turku,car,9.5,9.6,41
Turku,car,9.6,9.7,39
Turku,car,9.7,9.8,44
Turku,car,9.8,9.9,43
Turku,car,9.9,10.0,35
Turku,car,10.0,10.1,50
Turku,car,10.1,10.2,36
Turku,car,10.2,10.3,43
Turku,car,10.3,10.4,39
Turku,car,10.4,10.5,33
Turku,car,10.5,10.6,38
Turku,car,10.6,10.7,35
Turku,car,10.7,10.8,40
Turku,car,10.8,10.9,25
Turku,car,10.9,11.0,46
Turku,car,11.0,11.1,33
Turku,car,11.1,11.2,34
Turku,car,11.2,11.3,42
Turku,car,11.3,11.4,36
Turku,car,11.4,11.5,40
Turku,car,11.5,11.6,35
Turku,car,11.6,11.7,53
Turku,car,11.7,11.8,41
Turku,car,11.8,11.9,42
Turku,car,11.9,12.0,38
Turku,car,12.0,12.1,45
Turku,car,12.1,12.2,42
Turku,car,12.2,12.3,43
Turku,car,12.3,12.4,35
Turku,car,12.4,12.5,32
Turku,car,12.5,12.6,44
Turku,car,12.6,12.7,41
Turku,car,12.7,12.8,37
Turku,car,12.8,12.9,49
Turku,car,12.9,13.0,53
Turku,car,13.0,13.1,46
Turku,car,13.1,13.2,46
Turku,car,13.2,13.3,39
Turku,car,13.3,13.4,37
Turku,car,13.4,13.5,36
Turku,car,13.5,13.6,32
Turku,car,13.6,13.7,39
Turku,car,13.7,13.8,39
Turku,car,13.8,13.9,49
Turku,car,13.9,14.0,33
Turku,car,14.0,14.1,46
Turku,car,14.1,14.2,43
Turku,car,14.2,14.3,34
Turku,car,14.3,14.4,39
Turku,car,14.4,14.5,47
Turku,car,14.5,14.6,26
Turku,car,14.6,14.7,28
Turku,car,14.7,14.8,35
Turku,car,14.8,14.9,26
Turku,car,14.9,15.0,46
Turku,car,15.0,15.1,36
Turku,car,15.1,15.2,34
Turku,car,15.2,15.3,24
Turku,car,15.3,15.4,22
Turku,car,15.4,15.5,26
Turku,car,15.5,15.6,34
Turku,car,15.6,15.7,29
Turku,car,15.7,15.8,31
Turku,car,15.8,15.9,29
Turku,car,15.9,16.0,37
Turku,car,16.0,16.1,32
Turku,car,16.1,16.2,37
Turku,car,16.2,16.3,28
Turku,car,16.3,16.4,31
Turku,car,16.4,16.5,31
Turku,car,16.5,16.6,24
Turku,car,16.6,16.7,31
Turku,car,16.7,16.8,22
Turku,car,16.8,16.9,30
Turku,car,16.9,17.0,23
Turku,car,17.0,17.1,28
Turku,car,17.1,17.2,18
Turku,car,17.2,17.3,35
Turku,car,17.3,17.4,40
Turku,car,17.4,17.5,25
Turku,car,17.5,17.6,34
Turku,car,17.6,17.7,33
Turku,car,17.7,17.8,32
Turku,car,17.8,17.9,29
Turku,car,17.9,18.0,24
Turku,car,18.0,18.1,26
Turku,car,18.1,18.2,27
Turku,car,18.2,18.3,36
Turku,car,18.3,18.4,23
Turku,car,18.4,18.5,20
Turku,car,18.5,18.6,17
Turku,car,18.6,18.7,38
Turku,car,18.7,18.8,31
Turku,car,18.8,18.9,18
Turku,car,18.9,19.0,23
Turku,car,19.0,19.1,25
Turku,car,19.1,19.2,12
Turku,car,19.2,19.3,18
Turku,car,19.3,19.4,22
Turku,car,19.4,19.5,20
Turku,car,19.5,19.6,19
Turku,car,19.6,19.7,11
Turku,car,19.7,19.8,18
Turku,car,19.8,19.9,17
Turku,car,19.9,20.0,25
Turku,car,20.0,20.1,19
Turku,car,20.1,20.2,14
Turku,car,20.2,20.3,25
Turku,car,20.3,20.4,18
Turku,car,20.4,20.5,11
Turku,car,20.5,20.6,13
Turku,car,20.6,20.7,25
Turku,car,20.7,20.8,20
Turku,car,20.8,20.9,19
Turku,car,20.9,21.0,15
Turku,car,21.0,21.1,22
Turku,car,21.1,21.2,21
Turku,car,21.2,21.3,8
Turku,car,21.3,21.4,9
Turku,car,21.4,21.5,10
Turku,car,21.5,21.6,15
Turku,car,21.6,21.7,15
Turku,car,21.7,21.8,20
Turku,car,21.8,21.9,15
Turku,car,21.9,22.0,12
Turku,car,22.0,22.1,19
Turku,car,22.1,22.2,15
Turku,car,22.2,22.3,20
Turku,car,22.3,22.4,15
Turku,car,22.4,22.5,19
Turku,car,22.5,22.6,10
Turku,car,22.6,22.7,13
Turku,car,22.7,22.8,17
Turku,car,22.8,22.9,20
Turku,car,22.9,23.0,24
Turku,car,23.0,23.1,15
Turku,car,23.1,23.2,21
Turku,car,23.2,23.3,16
Turku,car,23.3,23.4,14
Turku,car,23.4,23.5,14
Turku,car,23.5,23.6,16
Turku,car,23.6,23.7,19
Turku,car,23.7,23.8,11
Turku,car,23.8,23.9,11
Turku,car,23.9,24.0,13
Turku,car,24.0,24.1,19
Turku,car,24.1,24.2,12
Turku,car,24.2,24.3,14
Turku,car,24.3,24.4,16
Turku,car,24.4,24.5,8
Turku,car,24.5,24.6,12
Turku,car,24.6,24.7,11
Turku,car,24.7,24.8,8
Turku,car,24.8,24.9,12
Turku,car,24.9,25.0,12
Turku,car,25.0,25.1,10
Turku,car,25.1,25.2,22
Turku,car,25.2,25.3,9
Turku,car,25.3,25.4,12
Turku,car,25.4,25.5,5
Turku,car,25.5,25.6,13
Turku,car,25.6,25.7,12
Turku,car,25.7,25.8,18
Turku,car,25.8,25.9,18
Turku,car,25.9,26.0,9
Turku,car,26.0,26.1,16
Turku,car,26.1,26.2,7
Turku,car,26.2,26.3,8
Turku,car,26.3,26.4,10
Turku,car,26.4,26.5,9
Turku,car,26.5,26.6,12
Turku,car,26.6,26.7,16
Turku,car,26.7,26.8,15
Turku,car,26.8,26.9,8
Turku,car,26.9,27.0,13
Turku,car,27.0,27.1,12
Turku,car,27.1,27.2,13
Turku,car,27.2,27.3,16
Turku,car,27.3,27.4,13
Turku,car,27.4,27.5,15
Turku,car,27.5,27.6,19
Turku,car,27.6,27.7,15
Turku,car,27.7,27.8,5
Turku,car,27.8,27.9,12
Turku,car,27.9,28.0,10
Turku,car,28.0,28.1,13
Turku,car,28.1,28.2,11
Turku,car,28.2,28.3,15
Turku,car,28.3,28.4,7
Turku,car,28.4,28.5,13
Turku,car,28.5,28.6,14
Turku,car,28.6,28.7,18
Turku,car,28.7,28.8,18
Turku,car,28.8,28.9,10
Turku,car,28.9,29.0,14
Turku,car,29.0,29.1,12
Turku,car,29.1,29.2,15
Turku,car,29.2,29.3,8
Turku,car,29.3,29.4,10
Turku,car,29.4,29.5,19
Turku,car,29.5,29.6,13
Turku,car,29.6,29.7,10
Turku,car,29.7,29.8,7
Turku,car,29.8,29.9,8
Turku,car,29.9,30.0,15
Turku,car,30.0,30.1,13
Turku,car,30.1,30.2,20
Turku,car,30.2,30.3,10
Turku,car,30.3,30.4,13
Turku,car,30.4,30.5,14
Turku,car,30.5,30.6,12
Turku,car,30.6,30.7,11
Turku,car,30.7,30.8,14
Turku,car,30.8,30.9,10
Turku,car,30.9,31.0,10
Turku,car,31.0,31.1,11
Turku,car,31.1,31.2,8
Turku,car,31.2,31.3,9
Turku,car,31.3,31.4,14
Turku,car,31.4,31.5,13
Turku,car,31.5,31.6,10
Turku,car,31.6,31.7,10
Turku,car,31.7,31.8,6
Turku,car,31.8,31.9,8
Turku,car,31.9,32.0,11
Turku,car,32.0,32.1,9
Turku,car,32.1,32.2,6
Turku,car,32.2,32.3,12
Turku,car,32.3,32.4,6
Turku,car,32.4,32.5,10
Turku,car,32.5,32.6,9
Turku,car,32.6,32.7,8
Turku,car,32.7,32.8,10
Turku,car,32.8,32.9,7
Turku,car,32.9,33.0,16
Turku,car,33.0,33.1,8
Turku,car,33.1,33.2,20
Turku,car,33.2,33.3,12
Turku,car,33.3,33.4,3
Turku,car,33.4,33.5,13
Turku,car,33.5,33.6,12
Turku,car,33.6,33.7,6
Turku,car,33.7,33.8,7
Turku,car,33.8,33.9,5
Turku,car,33.9,34.0,4
Turku,car,34.0,34.1,8
Turku,car,34.1,34.2,7
Turku,car,34.2,34.3,10
Turku,car,34.3,34.4,6
Turku,car,34.4,34.5,7
Turku,car,34.5,34.6,5
Turku,car,34.6,34.7,5
Turku,car,34.7,34.8,6
Turku,car,34.8,34.9,4
Turku,car,34.9,35.0,5
Turku,car,35.0,35.1,3
Turku,car,35.1,35.2,9
Turku,car,35.2,35.3,7
Turku,car,35.3,35.4,10
Turku,car,35.4,35.5,6
Turku,car,35.5,35.6,5
Turku,car,35.6,35.7,2
Turku,car,35.7,35.8,4
Turku,car,35.8,35.9,4
Turku,car,35.9,36.0,2
Turku,car,36.0,36.1,3
Turku,car,36.1,36.2,8
Turku,car,36.2,36.3,10
Turku,car,36.3,36.4,4
Turku,car,36.4,36.5,4
Turku,car,36.5,36.6,3
Turku,car,36.6,36.7,8
Turku,car,36.7,36.8,1
Turku,car,36.8,36.9,1
Turku,car,36.9,37.0,7
Turku,car,37.0,37.1,4
Turku,car,37.1,37.2,2
Turku,car,37.3,37.4,4
Turku,car,37.4,37.5,4
Turku,car,37.5,37.6,4
Turku,car,37.6,37.7,4
Turku,car,37.7,37.8,3
Turku,car,37.8,37.9,1
Turku,car,37.9,38.0,2
Turku,car,38.0,38.1,3
Turku,car,38.2,38.3,2
Turku,car,38.3,38.4,3
Turku,car,38.4,38.5,1
Turku,car,38.5,38.6,2
Turku,car,38.6,38.7,2
Turku,car,38.7,38.8,6
Turku,car,38.8,38.9,3
Turku,car,38.9,39.0,3
Turku,car,39.0,39.1,3
Turku,car,39.1,39.2,3
Turku,car,39.2,39.3,7
Turku,car,39.3,39.4,4
Turku,car,39.4,39.5,2
Turku,car,39.5,39.6,5
Turku,car,39.6,39.7,2
Turku,car,39.7,39.8,3
Turku,car,39.8,39.9,4
Turku,car,39.9,40.0,3
Turku,car,40.0,40.1,3
Turku,car,40.1,40.2,1
Turku,car,40.3,40.4,1
Turku,car,40.5,40.6,1
Turku,car,40.6,40.7,2
Turku,car,40.7,40.8,1
Turku,car,41.0,41.1,1
Turku,car,41.1,41.2,3
Turku,car,41.2,41.3,2
Turku,car,41.3,41.4,2
Turku,car,41.4,41.5,2
Turku,car,41.5,41.6,1
Turku,car,41.6,41.7,1
Turku,car,41.7,41.8,1
Turku,car,41.8,41.9,1
Turku,car,41.9,42.0,3
Turku,car,42.0,42.1,5
Turku,car,42.1,42.2,1
Turku,car,42.2,42.3,1
Turku,car,42.3,42.4,4
Turku,car,42.4,42.5,1
Turku,car,42.5,42.6,3
Turku,car,42.6,42.7,1
Turku,car,42.7,42.8,1
Turku,car,42.8,42.9,1
Turku,car,42.9,43.0,2
Turku,car,43.0,43.1,1
Turku,car,43.1,43.2,1
Turku,car,43.2,43.3,1
Turku,car,43.3,43.4,2
Turku,car,43.4,43.5,1
Turku,car,43.6,43.7,2
Turku,car,43.7,43.8,2
Turku,car,43.9,44.0,1
Turku,car,44.1,44.2,2
Turku,car,44.2,44.3,1
Turku,car,44.3,44.4,1
Turku,car,44.4,44.5,1
Turku,car,44.8,44.9,1
Turku,car,45.3,45.4,2
Turku,car,45.6,45.7,2
Turku,car,45.7,45.8,1
Turku,car,45.9,46.0,1
Turku,car,46.1,46.2,2
Turku,car,46.2,46.3,2
Turku,car,46.3,46.4,4
Turku,car,46.4,46.5,1
Turku,car,46.5,46.6,1
Turku,car,47.1,47.2,1
Turku,car,47.3,47.4,2
Turku,car,47.5,47.6,2
Turku,car,47.6,47.7,1
Turku,car,47.7,47.8,1
Turku,car,47.9,48.0,2
Turku,car,48.0,48.1,1
Turku,car,48.2,48.3,1
Turku,car,48.3,48.4,2
Turku,car,48.5,48.6,1
Turku,car,48.7,48.8,1
Turku,car,49.0,49.1,1
Turku,car,49.2,49.3,1
Turku,car,49.3,49.4,1
Turku,car,49.4,49.5,1
Turku,car,49.8,49.9,1
Turku,car,50.0,50.1,1
Turku,car,50.1,50.2,1
Turku,car,50.2,50.3,1
Turku,car,52.4,52.5,1
Turku,car,53.2,53.3,1
Turku,car,53.7,53.8,1
Turku,car,53.8,53.9,1
Turku,car,54.5,54.6,1
Turku,car,55.0,55.1,1
Turku,car,55.1,55.2,3
Turku,car,55.4,55.5,1
Turku,car,55.5,55.6,1
Turku,car,55.6,55.7,1
Turku,car,56.8,56.9,1
Turku,car,57.3,57.4,2
Turku,car,57.4,57.5,1
Turku,car,58.0,58.1,1
Turku,car,58.5,58.6,1
Turku,car,58.8,58.9,1
Turku,car,59.2,59.3,1
Turku,car,59.6,59.7,1
Turku,car,60.0,inf,3
Tampere,car,3.0,3.1,3
Tampere,car,3.3,3.4,1
Tampere,car,3.4,3.5,1
Tampere,car,3.6,3.7,2
Tampere,car,3.7,3.8,1
Tampere,car,3.8,3.9,2
Tampere,car,3.9,4.0,2
Tampere,car,4.0,4.1,3
Tampere,car,4.1,4.2,1
Tampere,car,4.2,4.3,4
Tampere,car,4.3,4.4,2
Tampere,car,4.4,4.5,8
Tampere,car,4.5,4.6,4
Tampere,car,4.6,4.7,8
Tampere,car,4.7,4.8,7
Tampere,car,4.8,4.9,7
Tampere,car,4.9,5.0,10
Tampere,car,5.0,5.1,3
Tampere,car,5.1,5.2,6
Tampere,car,5.2,5.3,5
Tampere,car,5.3,5.4,7
Tampere,car,5.4,5.5,11
Tampere,car,5.5,5.6,11
Tampere,car,5.6,5.7,11
Tampere,car,5.7,5.8,8
Tampere,car,5.8,5.9,14
Tampere,car,5.9,6.0,11
Tampere,car,6.0,6.1,12
Tampere,car,6.1,6.2,12
Tampere,car,6.2,6.3,17
Tampere,car,6.3,6.4,20
Tampere,car,6.4,6.5,18
Tampere,car,6.5,6.6,17
Tampere,car,6.6,6.7,29
Tampere,car,6.7,6.8,27
Tampere,car,6.8,6.9,30
Tampere,car,6.9,7.0,33
Tampere,car,7.0,7.1,26
Tampere,car,7.1,7.2,36
Tampere,car,7.2,7.3,21
Tampere,car,7.3,7.4,25
Tampere,car,7.4,7.5,22
Tampere,car,7.5,7.6,40
Tampere,car,7.6,7.7,36
Tampere,car,7.7,7.8,29
Tampere,car,7.8,7.9,46
Tampere,car,7.9,8.0,30
Tampere,car,8.0,8.1,26
Tampere,car,8.1,8.2,21
Tampere,car,8.2,8.3,19
Tampere,car,8.3,8.4,30
Tampere,car,8.4,8.5,37
Tampere,car,8.5,8.6,33
Tampere,car,8.6,8.7,30
Tampere,car,8.7,8.8,27
Tampere,car,8.8,8.9,36
Tampere,car,8.9,9.0,33
Tampere,car,9.0,9.1,37
Tampere,car,9.1,9.2,45
Tampere,car,9.2,9.3,30
Tampere,car,9.3,9.4,32
Tampere,car,9.4,9.5,34
Tampere,car,9.5,9.6,22
Tampere,car,9.6,9.7,20
Tampere,car,9.7,9.8,28
Tampere,car,9.8,9.9,41
Tampere,car,9.9,10.0,26
Tampere,car,10.0,10.1,24
Tampere,car,10.1,10.2,25
Tampere,car,10.2,10.3,27
Tampere,car,10.3,10.4,18
Tampere,car,10.4,10.5,26
Tampere,car,10.5,10.6,30
Tampere,car,10.6,10.7,36
Tampere,car,10.7,10.8,29
Tampere,car,10.8,10.9,31
Tampere,car,10.9,11.0,32
Tampere,car,11.0,11.1,25
Tampere,car,11.1,11.2,21
Tampere,car,11.2,11.3,30
Tampere,car,11.3,11.4,21
Tampere,car,11.4,11.5,21
Tampere,car,11.5,11.6,19
Tampere,car,11.6,11.7,24
Tampere,car,11.7,11.8,29
Tampere,car,11.8,11.9,25
Tampere,car,11.9,12.0,22
Tampere,car,12.0,12.1,29
Tampere,car,12.1,12.2,32
Tampere,car,12.2,12.3,20
Tampere,car,12.3,12.4,28
Tampere,car,12.4,12.5,19
Tampere,car,12.5,12.6,24
Tampere,car,12.6,12.7,22
Tampere,car,12.7,12.8,17
Tampere,car,12.8,12.9,15
Tampere,car,12.9,13.0,20
Tampere,car,13.0,13.1,25
Tampere,car,13.1,13.2,16
Tampere,car,13.2,13.3,18
Tampere,car,13.3,13.4,26
Tampere,car,13.4,13.5,29
Tampere,car,13.5,13.6,24
Tampere,car,13.6,13.7,23
Tampere,car,13.7,13.8,22
Tampere,car,13.8,13.9,22
Tampere,car,13.9,14.0,24
Tampere,car,14.0,14.1,31
Tampere,car,14.1,14.2,25
Tampere,car,14.2,14.3,21
Tampere,car,14.3,14.4,21
Tampere,car,14.4,14.5,31
Tampere,car,14.5,14.6,21
Tampere,car,14.6,14.7,27
Tampere,car,14.7,14.8,24
Tampere,car,14.8,14.9,34
Tampere,car,14.9,15.0,22
Tampere,car,15.0,15.1,18
Tampere,car,15.1,15.2,33
Tampere,car,15.2,15.3,25
Tampere,car,15.3,15.4,27
Tampere,car,15.4,15.5,31
Tampere,car,15.5,15.6,25
Tampere,car,15.6,15.7,37
Tampere,car,15.7,15.8,24
Tampere,car,15.8,15.9,28
Tampere,car,15.9,16.0,25
Tampere,car,16.0,16.1,36
Tampere,car,16.1,16.2,36
Tampere,car,16.2,16.3,24
Tampere,car,16.3,16.4,29
Tampere,car,16.4,16.5,34
Tampere,car,16.5,16.6,31
Tampere,car,16.6,16.7,32
Tampere,car,16.7,16.8,26
Tampere,car,16.8,16.9,27
Tampere,car,16.9,17.0,23
Tampere,car,17.0,17.1,31
Tampere,car,17.1,17.2,30
Tampere,car,17.2,17.3,34
Tampere,car,17.3,17.4,41
Tampere,car,17.4,17.5,36
Tampere,car,17.5,17.6,34
Tampere,car,17.6,17.7,40
Tampere,car,17.7,17.8,49
Tampere,car,17.8,17.9,34
Tampere,car,17.9,18.0,37
Tampere,car,18.0,18.1,33
Tampere,car,18.1,18.2,39
Tampere,car,18.2,18.3,52
Tampere,car,18.3,18.4,40
Tampere,car,18.4,18.5,35
Tampere,car,18.5,18.6,46
Tampere,car,18.6,18.7,29
Tampere,car,18.7,18.8,33
Tampere,car,18.8,18.9,35
Tampere,car,18.9,19.0,30
Tampere,car,19.0,19.1,49
Tampere,car,19.1,19.2,32
Tampere,car,19.2,19.3,45
Tampere,car,19.3,19.4,34
Tampere,car,19.4,19.5,36
Tampere,car,19.5,19.6,33
Tampere,car,19.6,19.7,38
Tampere,car,19.7,19.8,32
Tampere,car,19.8,19.9,38
Tampere,car,19.9,20.0,28
Tampere,car,20.0,20.1,32
Tampere,car,20.1,20.2,51
Tampere,car,20.2,20.3,36
Tampere,car,20.3,20.4,37
Tampere,car,20.4,20.5,27
Tampere,car,20.5,20.6,38
Tampere,car,20.6,20.7,46
Tampere,car,20.7,20.8,40
Tampere,car,20.8,20.9,36
Tampere,car,20.9,21.0,31
Tampere,car,21.0,21.1,33
Tampere,car,21.1,21.2,27
Tampere,car,21.2,21.3,30
Tampere,car,21.3,21.4,30
Tampere,car,21.4,21.5,35
Tampere,car,21.5,21.6,28
Tampere,car,21.6,21.7,22
Tampere,car,21.7,21.8,35
Tampere,car,21.8,21.9,30
Tampere,car,21.9,22.0,28
Tampere,car,22.0,22.1,34
Tampere,car,22.1,22.2,21
Tampere,car,22.2,22.3,24
Tampere,car,22.3,22.4,26
Tampere,car,22.4,22.5,26
Tampere,car,22.5,22.6,26
Tampere,car,22.6,22.7,13
Tampere,car,22.7,22.8,24
Tampere,car,22.8,22.9,25
Tampere,car,22.9,23.0,35
Tampere,car,23.0,23.1,28
Tampere,car,23.1,23.2,32
Tampere,car,23.2,23.3,26
Tampere,car,23.3,23.4,22
Tampere,car,23.4,23.5,31
Tampere,car,23.5,23.6,21
Tampere,car,23.6,23.7,21
Tampere,car,23.7,23.8,26
Tampere,car,23.8,23.9,30
Tampere,car,23.9,24.0,23
Tampere,car,24.0,24.1,27
Tampere,car,24.1,24.2,29
Tampere,car,24.2,24.3,22
Tampere,car,24.3,24.4,27
Tampere,car,24.4,24.5,12
Tampere,car,24.5,24.6,20
Tampere,car,24.6,24.7,11
Tampere,car,24.7,24.8,22
Tampere,car,24.8,24.9,17
Tampere,car,24.9,25.0,13
Tampere,car,25.0,25.1,26
Tampere,car,25.1,25.2,15
Tampere,car,25.2,25.3,13
Tampere,car,25.3,25.4,24
Tampere,car,25.4,25.5,12
Tampere,car,25.5,25.6,24
Tampere,car,25.6,25.7,24
Tampere,car,25.7,25.8,14
Tampere,car,25.8,25.9,18
Tampere,car,25.9,26.0,16
Tampere,car,26.0,26.1,23
Tampere,car,26.1,26.2,19
Tampere,car,26.2,26.3,22
Tampere,car,26.3,26.4,11
Tampere,car,26.4,26.5,12
Tampere,car,26.5,26.6,19
Tampere,car,26.6,26.7,10
Tampere,car,26.7,26.8,17
Tampere,car,26.8,26.9,20
Tampere,car,26.9,27.0,10
Tampere,car,27.0,27.1,21
Tampere,car,27.1,27.2,21
Tampere,car,27.2,27.3,18
Tampere,car,27.3,27.4,19
Tampere,car,27.4,27.5,17
Tampere,car,27.5,27.6,18
Tampere,car,27.6,27.7,22
Tampere,car,27.7,27.8,17
Tampere,car,27.8,27.9,18
Tampere,car,27.9,28.0,17
Tampere,car,28.0,28.1,19
Tampere,car,28.1,28.2,17
Tampere,car,28.2,28.3,25
Tampere,car,28.3,28.4,16
Tampere,car,28.4,28.5,21
Tampere,car,28.5,28.6,15
Tampere,car,28.6,28.7,12
Tampere,car,28.7,28.8,17
Tampere,car,28.8,28.9,16
Tampere,car,28.9,29.0,14
Tampere,car,29.0,29.1,16
Tampere,car,29.1,29.2,13
Tampere,car,29.2,29.3,16
Tampere,car,29.3,29.4,20
Tampere,car,29.4,29.5,21
Tampere,car,29.5,29.6,19
Tampere,car,29.6,29.7,11
Tampere,car,29.7,29.8,20
Tampere,car,29.8,29.9,13
Tampere,car,29.9,30.0,13
Tampere,car,30.0,30.1,14
Tampere,car,30.1,30.2,18
Tampere,car,30.2,30.3,19
Tampere,car,30.3,30.4,19
Tampere,car,30.4,30.5,13
Tampere,car,30.5,30.6,14
Tampere,car,30.6,30.7,17
Tampere,car,30.7,30.8,10
Tampere,car,30.8,30.9,22
Tampere,car,30.9,31.0,17
Tampere,car,31.0,31.1,19
Tampere,car,31.1,31.2,14
Tampere,car,31.2,31.3,13
Tampere,car,31.3,31.4,14
Tampere,car,31.4,31.5,18
Tampere,car,31.5,31.6,15
Tampere,car,31.6,31.7,11
Tampere,car,31.7,31.8,25
Tampere,car,31.8,31.9,15
Tampere,car,31.9,32.0,12
Tampere,car,32.0,32.1,13
Tampere,car,32.1,32.2,16
Tampere,car,32.2,32.3,12
Tampere,car,32.3,32.4,18
Tampere,car,32.4,32.5,19
Tampere,car,32.5,32.6,17
Tampere,car,32.6,32.7,19
Tampere,car,32.7,32.8,22
Tampere,car,32.8,32.9,13
Tampere,car,32.9,33.0,9
Tampere,car,33.0,33.1,12
Tampere,car,33.1,33.2,10
Tampere,car,33.2,33.3,18
Tampere,car,33.3,33.4,19
Tampere,car,33.4,33.5,17
Tampere,car,33.5,33.6,22
Tampere,car,33.6,33.7,15
Tampere,car,33.7,33.8,16
Tampere,car,33.8,33.9,16
Tampere,car,33.9,34.0,11
Tampere,car,34.0,34.1,8
Tampere,car,34.1,34.2,12
Tampere,car,34.2,34.3,7
Tampere,car,34.3,34.4,10
Tampere,car,34.4,34.5,11
Tampere,car,34.5,34.6,14
Tampere,car,34.6,34.7,8
Tampere,car,34.7,34.8,5
Tampere,car,34.8,34.9,15
Tampere,car,34.9,35.0,7
Tampere,car,35.0,35.1,14
Tampere,car,35.1,35.2,11
Tampere,car,35.2,35.3,14
Tampere,car,35.3,35.4,9
Tampere,car,35.4,35.5,9
Tampere,car,35.5,35.6,9
Tampere,car,35.6,35.7,12
Tampere,car,35.7,35.8,9
Tampere,car,35.8,35.9,11
Tampere,car,35.9,36.0,11
Tampere,car,36.0,36.1,17
Tampere,car,36.1,36.2,9
Tampere,car,36.2,36.3,17
Tampere,car,36.3,36.4,16
Tampere,car,36.4,36.5,10
Tampere,car,36.5,36.6,11
Tampere,car,36.6,36.7,20
Tampere,car,36.7,36.8,6
Tampere,car,36.8,36.9,7
Tampere,car,36.9,37.0,8
Tampere,car,37.0,37.1,13
Tampere,car,37.1,37.2,5
Tampere,car,37.2,37.3,8
Tampere,car,37.3,37.4,11
Tampere,car,37.4,37.5,10
Tampere,car,37.5,37.6,10
Tampere,car,37.6,37.7,6
Tampere,car,37.7,37.8,9
Tampere,car,37.8,37.9,13
Tampere,car,37.9,38.0,6
Tampere,car,38.0,38.1,5
Tampere,car,38.1,38.2,7
Tampere,car,38.2,38.3,7
Tampere,car,38.3,38.4,10
Tampere,car,38.4,38.5,6
Tampere,car,38.5,38.6,9
Tampere,car,38.6,38.7,9
Tampere,car,38.7,38.8,9
Tampere,car,38.8,38.9,8
Tampere,car,38.9,39.0,12
Tampere,car,39.0,39.1,9
Tampere,car,39.1,39.2,7
Tampere,car,39.2,39.3,17
Tampere,car,39.3,39.4,3
Tampere,car,39.4,39.5,13
Tampere,car,39.5,39.6,9
Tampere,car,39.6,39.7,5
Tampere,car,39.7,39.8,9
Tampere,car,39.8,39.9,1
Tampere,car,39.9,40.0,6
Tampere,car,40.0,40.1,9
Tampere,car,40.1,40.2,8
Tampere,car,40.2,40.3,9
Tampere,car,40.3,40.4,11
Tampere,car,40.4,40.5,8
Tampere,car,40.5,40.6,2
Tampere,car,40.6,40.7,4
Tampere,car,40.7,40.8,5
Tampere,car,40.8,40.9,4
Tampere,car,40.9,41.0,8
Tampere,car,41.0,41.1,2
Tampere,car,41.1,41.2,4
Tampere,car,41.2,41.3,7
Tampere,car,41.3,41.4,2
Tampere,car,41.4,41.5,7
Tampere,car,41.5,41.6,4
Tampere,car,41.6,41.7,5
Tampere,car,41.7,41.8,7
Tampere,car,41.8,41.9,6
Tampere,car,41.9,42.0,5
Tampere,car,42.0,42.1,6
Tampere,car,42.1,42.2,10
Tampere,car,42.2,42.3,7
Tampere,car,42.3,42.4,5
Tampere,car,42.4,42.5,10
Tampere,car,42.5,42.6,5
Tampere,car,42.6,42.7,4
Tampere,car,42.7,42.8,3
Tampere,car,42.8,42.9,5
Tampere,car,42.9,43.0,5
Tampere,car,43.0,43.1,5
Tampere,car,43.1,43.2,4
Tampere,car,43.2,43.3,3
Tampere,car,43.3,43.4,8
Tampere,car,43.4,43.5,2
Tampere,car,43.5,43.6,5
Tampere,car,43.6,43.7,4
Tampere,car,43.7,43.8,6
Tampere,car,43.8,43.9,4
Tampere,car,43.9,44.0,4
Tampere,car,44.0,44.1,7
Tampere,car,44.1,44.2,4
Tampere,car,44.2,44.3,3
Tampere,car,44.3,44.4,3
Tampere,car,44.4,44.5,4
Tampere,car,44.5,44.6,4
Tampere,car,44.6,44.7,3
Tampere,car,44.7,44.8,4
Tampere,car,44.8,44.9,4
Tampere,car,44.9,45.0,4
Tampere,car,45.0,45.1,3
Tampere,car,45.1,45.2,4
Tampere,car,45.2,45.3,5
Tampere,car,45.3,45.4,2
Tampere,car,45.4,45.5,3
Tampere,car,45.5,45.6,4
Tampere,car,45.6,45.7,5
Tampere,car,45.7,45.8,3
Tampere,car,45.8,45.9,3
Tampere,car,46.0,46.1,4
Tampere,car,46.1,46.2,4
Tampere,car,46.2,46.3,6
Tampere,car,46.4,46.5,4
Tampere,car,46.5,46.6,1
Tampere,car,46.6,46.7,3
Tampere,car,46.7,46.8,4
Tampere,car,46.8,46.9,4
Tampere,car,46.9,47.0,5
Tampere,car,47.0,47.1,2
Tampere,car,47.1,47.2,4
Tampere,car,47.2,47.3,4
Tampere,car,47.3,47.4,2
Tampere,car,47.4,47.5,1
Tampere,car,47.5,47.6,9
Tampere,car,47.6,47.7,6
Tampere,car,47.7,47.8,6
Tampere,car,47.8,47.9,1
Tampere,car,47.9,48.0,1
Tampere,car,48.0,48.1,4
Tampere,car,48.1,48.2,6
Tampere,car,48.2,48.3,3
Tampere,car,48.3,48.4,4
Tampere,car,48.4,48.5,7
Tampere,car,48.5,48.6,1
Tampere,car,48.6,48.7,3
Tampere,car,48.7,48.8,4
Tampere,car,48.8,48.9,3
Tampere,car,48.9,49.0,4
Tampere,car,49.0,49.1,1
Tampere,car,49.1,49.2,4
Tampere,car,49.2,49.3,3
Tampere,car,49.3,49.4,4
Tampere,car,49.4,49.5,4
Tampere,car,49.5,49.6,7
Tampere,car,49.6,49.7,3
Tampere,car,49.7,49.8,2
Tampere,car,49.8,49.9,3
Tampere,car,49.9,50.0,3
Tampere,car,50.0,50.1,2
Tampere,car,50.1,50.2,1
Tampere,car,50.2,50.3,3
Tampere,car,50.3,50.4,3
Tampere,car,50.4,50.5,4
Tampere,car,50.6,50.7,3
Tampere,car,50.7,50.8,4
Tampere,car,50.8,50.9,5
Tampere,car,50.9,51.0,2
Tampere,car,51.0,51.1,2
Tampere,car,51.1,51.2,5
Tampere,car,51.2,51.3,1
Tampere,car,51.3,51.4,1
Tampere,car,51.4,51.5,2
Tampere,car,51.5,51.6,3
Tampere,car,51.6,51.7,6
Tampere,car,51.7,51.8,3
Tampere,car,51.8,51.9,5
Tampere,car,51.9,52.0,1
Tampere,car,52.0,52.1,3
Tampere,car,52.2,52.3,4
Tampere,car,52.3,52.4,4
Tampere,car,52.4,52.5,2
Tampere,car,52.5,52.6,1
Tampere,car,52.6,52.7,5
Tampere,car,52.7,52.8,1
Tampere,car,52.8,52.9,5
Tampere,car,52.9,53.0,3
Tampere,car,53.0,53.1,1
Tampere,car,53.1,53.2,2
Tampere,car,53.2,53.3,1
Tampere,car,53.3,53.4,1
Tampere,car,53.4,53.5,2
Tampere,car,53.5,53.6,2
Tampere,car,53.7,53.8,2
Tampere,car,53.8,53.9,3
Tampere,car,54.0,54.1,4
Tampere,car,54.1,54.2,1
Tampere,car,54.2,54.3,2
Tampere,car,54.3,54.4,3
Tampere,car,54.4,54.5,1
Tampere,car,54.5,54.6,1
Tampere,car,54.6,54.7,1
Tampere,car,54.7,54.8,2
Tampere,car,54.8,54.9,2
Tampere,car,54.9,55.0,5
Tampere,car,55.0,55.1,1
Tampere,car,55.1,55.2,2
Tampere,car,55.3,55.4,1
Tampere,car,55.4,55.5,2
Tampere,car,55.5,55.6,2
Tampere,car,55.6,55.7,2
Tampere,car,55.7,55.8,1
Tampere,car,55.8,55.9,4
Tampere,car,55.9,56.0,1
Tampere,car,56.0,56.1,2
Tampere,car,56.1,56.2,3
Tampere,car,56.2,56.3,5
Tampere,car,56.3,56.4,2
Tampere,car,56.4,56.5,4
Tampere,car,56.5,56.6,1
Tampere,car,56.7,56.8,7
Tampere,car,56.8,56.9,4
Tampere,car,56.9,57.0,1
Tampere,car,57.0,57.1,1
Tampere,car,57.1,57.2,3
Tampere,car,57.2,57.3,6
Tampere,car,57.3,57.4,2
Tampere,car,57.4,57.5,1
Tampere,car,57.5,57.6,1
Tampere,car,57.6,57.7,1
Tampere,car,57.7,57.8,2
Tampere,car,57.8,57.9,1
Tampere,car,57.9,58.0,1
Tampere,car,58.1,58.2,2
Tampere,car,58.2,58.3,2
Tampere,car,58.3,58.4,1
Tampere,car,58.4,58.5,4
Tampere,car,58.5,58.6,4
Tampere,car,58.8,58.9,1
Tampere,car,59.0,59.1,4
Tampere,car,59.1,59.2,3
Tampere,car,59.3,59.4,2
Tampere,car,59.5,59.6,3
Tampere,car,59.6,59.7,1
Tampere,car,59.8,59.9,3
Tampere,car,60.0,inf,32
Oulu,car,3.4,3.5,1
Oulu,car,3.9,4.0,1
Oulu,car,4.1,4.2,3
Oulu,car,4.3,4.4,1
Oulu,car,4.4,4.5,1
Oulu,car,4.5,4.6,1
Oulu,car,4.6,4.7,1
Oulu,car,4.8,4.9,2
Oulu,car,4.9,5.0,2
Oulu,car,5.0,5.1,1
Oulu,car,5.1,5.2,3
Oulu,car,5.2,5.3,5
Oulu,car,5.3,5.4,3
Oulu,car,5.5,5.6,2
Oulu,car,5.6,5.7,4
Oulu,car,5.7,5.8,6
Oulu,car,5.8,5.9,3
Oulu,car,5.9,6.0,9
Oulu,car,6.0,6.1,7
Oulu,car,6.1,6.2,10
Oulu,car,6.2,6.3,12
Oulu,car,6.3,6.4,18
Oulu,car,6.4,6.5,10
Oulu,car,6.5,6.6,11
Oulu,car,6.6,6.7,19
Oulu,car,6.7,6.8,14
Oulu,car,6.8,6.9,16
Oulu,car,6.9,7.0,20
Oulu,car,7.0,7.1,13
Oulu,car,7.1,7.2,22
Oulu,car,7.2,7.3,14
Oulu,car,7.3,7.4,20
Oulu,car,7.4,7.5,15
Oulu,car,7.5,7.6,16
Oulu,car,7.6,7.7,12
Oulu,car,7.7,7.8,14
Oulu,car,7.8,7.9,9
Oulu,car,7.9,8.0,11
Oulu,car,8.0,8.1,19
Oulu,car,8.1,8.2,10
Oulu,car,8.2,8.3,11
Oulu,car,8.3,8.4,8
Oulu,car,8.4,8.5,10
Oulu,car,8.5,8.6,12
Oulu,car,8.6,8.7,8
Oulu,car,8.7,8.8,9
Oulu,car,8.8,8.9,13
Oulu,car,8.9,9.0,6
Oulu,car,9.0,9.1,17
Oulu,car,9.1,9.2,7
Oulu,car,9.2,9.3,8
Oulu,car,9.3,9.4,6
Oulu,car,9.4,9.5,16
Oulu,car,9.5,9.6,8
Oulu,car,9.6,9.7,17
Oulu,car,9.7,9.8,8
Oulu,car,9.8,9.9,12
Oulu,car,9.9,10.0,16
Oulu,car,10.0,10.1,17
Oulu,car,10.1,10.2,7
Oulu,car,10.2,10.3,11
Oulu,car,10.3,10.4,14
Oulu,car,10.4,10.5,12
Oulu,car,10.5,10.6,16
Oulu,car,10.6,10.7,11
Oulu,car,10.7,10.8,14
Oulu,car,10.8,10.9,13
Oulu,car,10.9,11.0,17
Oulu,car,11.0,11.1,12
Oulu,car,11.1,11.2,9
Oulu,car,11.2,11.3,19
Oulu,car,11.3,11.4,23
Oulu,car,11.4,11.5,17
Oulu,car,11.5,11.6,23
Oulu,car,11.6,11.7,10
Oulu,car,11.7,11.8,20
Oulu,car,11.8,11.9,18
Oulu,car,11.9,12.0,20
Oulu,car,12.0,12.1,21
Oulu,car,12.1,12.2,18
Oulu,car,12.2,12.3,14
Oulu,car,12.3,12.4,21
Oulu,car,12.4,12.5,14
Oulu,car,12.5,12.6,17
Oulu,car,12.6,12.7,21
Oulu,car,12.7,12.8,21
Oulu,car,12.8,12.9,10
Oulu,car,12.9,13.0,8
Oulu,car,13.0,13.1,15
Oulu,car,13.1,13.2,14
Oulu,car,13.2,13.3,16
Oulu,car,13.3,13.4,14
Oulu,car,13.4,13.5,12
Oulu,car,13.5,13.6,19
Oulu,car,13.6,13.7,15
Oulu,car,13.7,13.8,10
Oulu,car,13.8,13.9,18
Oulu,car,13.9,14.0,13
Oulu,car,14.0,14.1,23
Oulu,car,14.1,14.2,17
Oulu,car,14.2,14.3,22
Oulu,car,14.3,14.4,13
Oulu,car,14.4,14.5,19
Oulu,car,14.5,14.6,19
Oulu,car,14.6,14.7,17
Oulu,car,14.7,14.8,17
Oulu,car,14.8,14.9,14
Oulu,car,14.9,15.0,13
Oulu,car,15.0,15.1,16
Oulu,car,15.1,15.2,15
Oulu,car,15.2,15.3,25
Oulu,car,15.3,15.4,13
Oulu,car,15.4,15.5,13
Oulu,car,15.5,15.6,22
Oulu,car,15.6,15.7,18
Oulu,car,15.7,15.8,15
Oulu,car,15.8,15.9,12
Oulu,car,15.9,16.0,14
Oulu,car,16.0,16.1,10
Oulu,car,16.1,16.2,20
Oulu,car,16.2,16.3,17
Oulu,car,16.3,16.4,20
Oulu,car,16.4,16.5,21
Oulu,car,16.5,16.6,19
Oulu,car,16.6,16.7,21
Oulu,car,16.7,16.8,15
Oulu,car,16.8,16.9,21
Oulu,car,16.9,17.0,6
Oulu,car,17.0,17.1,14
Oulu,car,17.1,17.2,19
Oulu,car,17.2,17.3,23
Oulu,car,17.3,17.4,15
Oulu,car,17.4,17.5,19
Oulu,car,17.5,17.6,12
Oulu,car,17.6,17.7,19
Oulu,car,17.7,17.8,17
Oulu,car,17.8,17.9,26
Oulu,car,17.9,18.0,17
Oulu,car,18.0,18.1,16
Oulu,car,18.1,18.2,15
Oulu,car,18.2,18.3,12
Oulu,car,18.3,18.4,14
Oulu,car,18.4,18.5,11
Oulu,car,18.5,18.6,14
Oulu,car,18.6,18.7,20
Oulu,car,18.7,18.8,19
Oulu,car,18.8,18.9,16
Oulu,car,18.9,19.0,21
Oulu,car,19.0,19.1,18
Oulu,car,19.1,19.2,15
Oulu,car,19.2,19.3,10
Oulu,car,19.3,19.4,9
Oulu,car,19.4,19.5,19
Oulu,car,19.5,19.6,23
Oulu,car,19.6,19.7,9
Oulu,car,19.7,19.8,8
Oulu,car,19.8,19.9,14
Oulu,car,19.9,20.0,13
Oulu,car,20.0,20.1,24
Oulu,car,20.1,20.2,9
Oulu,car,20.2,20.3,22
Oulu,car,20.3,20.4,22
Oulu,car,20.4,20.5,10
Oulu,car,20.5,20.6,17
Oulu,car,20.6,20.7,14
Oulu,car,20.7,20.8,7
Oulu,car,20.8,20.9,12
Oulu,car,20.9,21.0,20
Oulu,car,21.0,21.1,6
Oulu,car,21.1,21.2,16
Oulu,car,21.2,21.3,9
Oulu,car,21.3,21.4,7
Oulu,car,21.4,21.5,13
Oulu,car,21.5,21.6,10
Oulu,car,21.6,21.7,13
Oulu,car,21.7,21.8,17
Oulu,car,21.8,21.9,20
Oulu,car,21.9,22.0,15
Oulu,car,22.0,22.1,9
Oulu,car,22.1,22.2,11
Oulu,car,22.2,22.3,6
Oulu,car,22.3,22.4,6
Oulu,car,22.4,22.5,13
Oulu,car,22.5,22.6,13
Oulu,car,22.6,22.7,4
Oulu,car,22.7,22.8,8
Oulu,car,22.8,22.9,14
Oulu,car,22.9,23.0,11
Oulu,car,23.0,23.1,12
Oulu,car,23.1,23.2,10
Oulu,car,23.2,23.3,8
Oulu,car,23.3,23.4,9
Oulu,car,23.4,23.5,5
Oulu,car,23.5,23.6,3
Oulu,car,23.6,23.7,14
Oulu,car,23.7,23.8,10
Oulu,car,23.8,23.9,11
Oulu,car,23.9,24.0,12
Oulu,car,24.0,24.1,8
Oulu,car,24.1,24.2,8
Oulu,car,24.2,24.3,8
Oulu,car,24.3,24.4,5
Oulu,car,24.4,24.5,10
Oulu,car,24.5,24.6,11
Oulu,car,24.6,24.7,13
Oulu,car,24.7,24.8,5
Oulu,car,24.8,24.9,7
Oulu,car,24.9,25.0,4
Oulu,car,25.0,25.1,5
Oulu,car,25.1,25.2,10
Oulu,car,25.2,25.3,5
Oulu,car,25.3,25.4,6
Oulu,car,25.4,25.5,6
Oulu,car,25.5,25.6,5
Oulu,car,25.6,25.7,6
Oulu,car,25.7,25.8,9
Oulu,car,25.8,25.9,2
Oulu,car,25.9,26.0,3
Oulu,car,26.0,26.1,8
Oulu,car,26.1,26.2,5
Oulu,car,26.2,26.3,6
Oulu,car,26.3,26.4,7
Oulu,car,26.4,26.5,4
Oulu,car,26.5,26.6,7
Oulu,car,26.6,26.7,5
Oulu,car,26.7,26.8,8
Oulu,car,26.8,26.9,4
Oulu,car,26.9,27.0,6
Oulu,car,27.0,27.1,5
Oulu,car,27.1,27.2,14
Oulu,car,27.2,27.3,5
Oulu,car,27.3,27.4,7
Oulu,car,27.4,27.5,4
Oulu,car,27.5,27.6,8
Oulu,car,27.6,27.7,6
Oulu,car,27.7,27.8,3
Oulu,car,27.8,27.9,8
Oulu,car,27.9,28.0,9
Oulu,car,28.0,28.1,5
Oulu,car,28.1,28.2,2
Oulu,car,28.2,28.3,14
Oulu,car,28.3,28.4,5
Oulu,car,28.4,28.5,2
Oulu,car,28.5,28.6,10
Oulu,car,28.6,28.7,7
Oulu,car,28.7,28.8,3
Oulu,car,28.8,28.9,3
Oulu,car,28.9,29.0,8
Oulu,car,29.0,29.1,4
Oulu,car,29.1,29.2,3
Oulu,car,29.2,29.3,6
Oulu,car,29.3,29.4,4
Oulu,car,29.4,29.5,3
Oulu,car,29.5,29.6,4
Oulu,car,29.6,29.7,3
Oulu,car,29.7,29.8,6
Oulu,car,29.8,29.9,3
Oulu,car,29.9,30.0,4
Oulu,car,30.0,30.1,4
Oulu,car,30.1,30.2,2
Oulu,car,30.2,30.3,5
Oulu,car,30.3,30.4,2
Oulu,car,30.4,30.5,1
Oulu,car,30.5,30.6,1
Oulu,car,30.6,30.7,1
Oulu,car,30.7,30.8,1
Oulu,car,30.8,30.9,1
Oulu,car,30.9,31.0,1
Oulu,car,31.0,31.1,1
Oulu,car,31.1,31.2,2
Oulu,car,31.2,31.3,4
Oulu,car,31.3,31.4,2
Oulu,car,31.4,31.5,2
Oulu,car,31.5,31.6,1
Oulu,car,31.7,31.8,3
Oulu,car,31.8,31.9,2
Oulu,car,31.9,32.0,1
Oulu,car,32.0,32.1,1
Oulu,car,32.1,32.2,3
Oulu,car,32.2,32.3,5
Oulu,car,32.3,32.4,2
Oulu,car,32.4,32.5,2
Oulu,car,32.5,32.6,3
Oulu,car,32.6,32.7,3
Oulu,car,32.7,32.8,2
Oulu,car,32.8,32.9,2
Oulu,car,33.0,33.1,7
Oulu,car,33.1,33.2,2
Oulu,car,33.2,33.3,4
Oulu,car,33.3,33.4,4
Oulu,car,33.4,33.5,2
Oulu,car,33.5,33.6,1
Oulu,car,33.6,33.7,1
Oulu,car,33.7,33.8,3
Oulu,car,33.8,33.9,3
Oulu,car,33.9,34.0,3
Oulu,car,34.0,34.1,4
Oulu,car,34.1,34.2,5
Oulu,car,34.2,34.3,4
Oulu,car,34.3,34.4,4
Oulu,car,34.4,34.5,1
Oulu,car,34.5,34.6,3
Oulu,car,34.6,34.7,3
Oulu,car,34.7,34.8,7
Oulu,car,34.8,34.9,2
Oulu,car,35.1,35.2,5
Oulu,car,35.2,35.3,6
Oulu,car,35.3,35.4,2
Oulu,car,35.4,35.5,6
Oulu,car,35.5,35.6,5
Oulu,car,35.6,35.7,1
Oulu,car,35.7,35.8,6
Oulu,car,35.8,35.9,1
Oulu,car,35.9,36.0,4
Oulu,car,36.0,36.1,2
Oulu,car,36.1,36.2,3
Oulu,car,36.2,36.3,2
Oulu,car,36.3,36.4,2
Oulu,car,36.4,36.5,3
Oulu,car,36.5,36.6,4
Oulu,car,36.6,36.7,4
Oulu,car,36.7,36.8,1
Oulu,car,36.8,36.9,2
Oulu,car,36.9,37.0,1
Oulu,car,37.1,37.2,2
Oulu,car,37.2,37.3,5
Oulu,car,37.3,37.4,2
Oulu,car,37.4,37.5,5
Oulu,car,37.5,37.6,1
Oulu,car,37.6,37.7,5
Oulu,car,37.7,37.8,1
Oulu,car,37.9,38.0,3
Oulu,car,38.0,38.1,2
Oulu,car,38.1,38.2,2
Oulu,car,38.2,38.3,1
Oulu,car,38.3,38.4,2
Oulu,car,38.4,38.5,2
Oulu,car,38.5,38.6,2
Oulu,car,38.6,38.7,1
Oulu,car,38.7,38.8,2
Oulu,car,38.8,38.9,3
Oulu,car,38.9,39.0,2
Oulu,car,39.1,39.2,4
Oulu,car,39.2,39.3,5
Oulu,car,39.4,39.5,2
Oulu,car,39.5,39.6,2
Oulu,car,39.6,39.7,2
Oulu,car,39.7,39.8,3
Oulu,car,39.8,39.9,1
Oulu,car,39.9,40.0,2
Oulu,car,40.0,40.1,1
Oulu,car,40.2,40.3,1
Oulu,car,40.3,40.4,4
Oulu,car,40.4,40.5,3
Oulu,car,40.5,40.6,5
Oulu,car,40.6,40.7,3
Oulu,car,40.7,40.8,1
Oulu,car,40.8,40.9,1
Oulu,car,40.9,41.0,2
Oulu,car,41.0,41.1,2
Oulu,car,41.1,41.2,4
Oulu,car,41.2,41.3,1
Oulu,car,41.3,41.4,1
Oulu,car,41.4,41.5,2
Oulu,car,41.6,41.7,2
Oulu,car,41.7,41.8,1
Oulu,car,41.8,41.9,2
Oulu,car,41.9,42.0,3
Oulu,car,42.0,42.1,3
Oulu,car,42.1,42.2,1
Oulu,car,42.3,42.4,4
Oulu,car,42.4,42.5,2
Oulu,car,42.5,42.6,2
Oulu,car,42.6,42.7,1
Oulu,car,42.7,42.8,3
Oulu,car,42.8,42.9,2
Oulu,car,42.9,43.0,2
Oulu,car,43.0,43.1,2
Oulu,car,43.1,43.2,2
Oulu,car,43.2,43.3,5
Oulu,car,43.3,43.4,2
Oulu,car,43.4,43.5,3
Oulu,car,43.5,43.6,1
Oulu,car,43.6,43.7,3
Oulu,car,43.7,43.8,1
Oulu,car,43.8,43.9,3
Oulu,car,43.9,44.0,2
Oulu,car,44.0,44.1,1
Oulu,car,44.2,44.3,3
Oulu,car,44.3,44.4,5
Oulu,car,44.4,44.5,4
Oulu,car,44.5,44.6,1
Oulu,car,44.6,44.7,2
Oulu,car,44.7,44.8,2
Oulu,car,44.8,44.9,1
Oulu,car,44.9,45.0,2
Oulu,car,45.0,45.1,2
Oulu,car,45.2,45.3,3
Oulu,car,45.3,45.4,2
Oulu,car,45.4,45.5,2
Oulu,car,45.5,45.6,2
Oulu,car,45.6,45.7,2
Oulu,car,45.7,45.8,5
Oulu,car,45.8,45.9,2
Oulu,car,45.9,46.0,1
Oulu,car,46.3,46.4,1
Oulu,car,46.5,46.6,2
Oulu,car,46.7,46.8,2
Oulu,car,46.8,46.9,2
Oulu,car,46.9,47.0,4
Oulu,car,47.1,47.2,1
Oulu,car,47.2,47.3,1
Oulu,car,47.4,47.5,1
Oulu,car,47.6,47.7,3
Oulu,car,47.7,47.8,1
Oulu,car,47.9,48.0,2
Oulu,car,48.0,48.1,3
Oulu,car,48.1,48.2,2
Oulu,car,48.2,48.3,2
Oulu,car,48.4,48.5,1
Oulu,car,48.7,48.8,1
Oulu,car,48.8,48.9,2
Oulu,car,48.9,49.0,2
Oulu,car,49.0,49.1,1
Oulu,car,49.1,49.2,4
Oulu,car,49.3,49.4,1
Oulu,car,49.4,49.5,1
Oulu,car,49.5,49.6,1
Oulu,car,49.6,49.7,2
Oulu,car,49.7,49.8,1
Oulu,car,49.9,50.0,1
Oulu,car,50.0,50.1,1
Oulu,car,50.1,50.2,1
Oulu,car,50.4,50.5,1
Oulu,car,50.5,50.6,2
Oulu,car,50.6,50.7,4
Oulu,car,50.7,50.8,1
Oulu,car,50.8,50.9,2
Oulu,car,51.0,51.1,1
Oulu,car,51.2,51.3,5
Oulu,car,51.3,51.4,2
Oulu,car,51.4,51.5,2
Oulu,car,51.5,51.6,3
Oulu,car,51.6,51.7,1
Oulu,car,51.7,51.8,2
Oulu,car,51.9,52.0,3
Oulu,car,52.0,52.1,1
Oulu,car,52.1,52.2,1
Oulu,car,52.2,52.3,1
Oulu,car,52.3,52.4,2
Oulu,car,52.4,52.5,1
Oulu,car,52.5,52.6,3
Oulu,car,52.6,52.7,3
Oulu,car,52.7,52.8,1
Oulu,car,52.8,52.9,1
Oulu,car,52.9,53.0,4
Oulu,car,53.0,53.1,1
Oulu,car,53.2,53.3,2
Oulu,car,53.5,53.6,1
Oulu,car,54.0,54.1,1
Oulu,car,54.3,54.4,1
Oulu,car,54.8,54.9,4
Oulu,car,55.1,55.2,1
Oulu,car,55.2,55.3,1
Oulu,car,55.3,55.4,1
Oulu,car,55.6,55.7,1
Oulu,car,56.1,56.2,1
Oulu,car,56.2,56.3,1
Oulu,car,56.6,56.7,1
Oulu,car,56.7,56.8,1
Oulu,car,57.0,57.1,1
Oulu,car,57.3,57.4,1
Oulu,car,57.4,57.5,2
Oulu,car,58.5,58.6,1
Oulu,car,60.0,inf,7
Overall,car,2.5,2.6,1
Overall,car,2.6,2.7,2
Overall,car,2.7,2.8,1
Overall,car,2.8,2.9,3
Overall,car,2.9,3.0,4
Overall,car,3.0,3.1,9
Overall,car,3.1,3.2,11
Overall,car,3.2,3.3,12
Overall,car,3.3,3.4,13
Overall,car,3.4,3.5,8
Overall,car,3.5,3.6,12
Overall,car,3.6,3.7,20
Overall,car,3.7,3.8,24
Overall,car,3.8,3.9,28
Overall,car,3.9,4.0,30
Overall,car,4.0,4.1,29
Overall,car,4.1,4.2,44
Overall,car,4.2,4.3,36
Overall,car,4.3,4.4,27
Overall,car,4.4,4.5,51
Overall,car,4.5,4.6,55
Overall,car,4.6,4.7,53
Overall,car,4.7,4.8,48
Overall,car,4.8,4.9,58
Overall,car,4.9,5.0,58
Overall,car,5.0,5.1,64
Overall,car,5.1,5.2,72
Overall,car,5.2,5.3,73
Overall,car,5.3,5.4,75
Overall,car,5.4,5.5,78
Overall,car,5.5,5.6,93
Overall,car,5.6,5.7,81
Overall,car,5.7,5.8,81
Overall,car,5.8,5.9,79
Overall,car,5.9,6.0,111
Overall,car,6.0,6.1,96
Overall,car,6.1,6.2,122
Overall,car,6.2,6.3,123
Overall,car,6.3,6.4,135
Overall,car,6.4,6.5,114
Overall,car,6.5,6.6,127
Overall,car,6.6,6.7,172
Overall,car,6.7,6.8,155
Overall,car,6.8,6.9,170
Overall,car,6.9,7.0,167
Overall,car,7.0,7.1,161
Overall,car,7.1,7.2,181
Overall,car,7.2,7.3,159
Overall,car,7.3,7.4,177
Overall,car,7.4,7.5,169
Overall,car,7.5,7.6,190
Overall,car,7.6,7.7,177
Overall,car,7.7,7.8,184
Overall,car,7.8,7.9,226
Overall,car,7.9,8.0,185
Overall,car,8.0,8.1,201
Overall,car,8.1,8.2,197
Overall,car,8.2,8.3,186
Overall,car,8.3,8.4,197
Overall,car,8.4,8.5,197
Overall,car,8.5,8.6,203
Overall,car,8.6,8.7,174
Overall,car,8.7,8.8,200
Overall,car,8.8,8.9,202
Overall,car,8.9,9.0,214
Overall,car,9.0,9.1,213
Overall,car,9.1,9.2,202
Overall,car,9.2,9.3,193
Overall,car,9.3,9.4,205
Overall,car,9.4,9.5,196
Overall,car,9.5,9.6,167
Overall,car,9.6,9.7,185
Overall,car,9.7,9.8,181
Overall,car,9.8,9.9,195
Overall,car,9.9,10.0,206
Overall,car,10.0,10.1,192
Overall,car,10.1,10.2,172
Overall,car,10.2,10.3,201
Overall,car,10.3,10.4,188
Overall,car,10.4,10.5,181
Overall,car,10.5,10.6,202
Overall,car,10.6,10.7,184
Overall,car,10.7,10.8,184
Overall,car,10.8,10.9,177
Overall,car,10.9,11.0,195
Overall,car,11.0,11.1,162
Overall,car,11.1,11.2,169
Overall,car,11.2,11.3,222
Overall,car,11.3,11.4,190
Overall,car,11.4,11.5,218
Overall,car,11.5,11.6,189
Overall,car,11.6,11.7,196
Overall,car,11.7,11.8,192
Overall,car,11.8,11.9,197
Overall,car,11.9,12.0,187
Overall,car,12.0,12.1,187
Overall,car,12.1,12.2,203
Overall,car,12.2,12.3,193
Overall,car,12.3,12.4,204
Overall,car,12.4,12.5,177
Overall,car,12.5,12.6,199
Overall,car,12.6,12.7,199
Overall,car,12.7,12.8,207
Overall,car,12.8,12.9,182
Overall,car,12.9,13.0,189
Overall,car,13.0,13.1,204
Overall,car,13.1,13.2,186
Overall,car,13.2,13.3,193
Overall,car,13.3,13.4,187
Overall,car,13.4,13.5,201
Overall,car,13.5,13.6,188
Overall,car,13.6,13.7,195
Overall,car,13.7,13.8,182
Overall,car,13.8,13.9,212
Overall,car,13.9,14.0,188
Overall,car,14.0,14.1,205
Overall,car,14.1,14.2,180
Overall,car,14.2,14.3,192
Overall,car,14.3,14.4,187
Overall,car,14.4,14.5,219
Overall,car,14.5,14.6,163
Overall,car,14.6,14.7,178
Overall,car,14.7,14.8,167
Overall,car,14.8,14.9,196
Overall,car,14.9,15.0,215
Overall,car,15.0,15.1,166
Overall,car,15.1,15.2,187
Overall,car,15.2,15.3,185
Overall,car,15.3,15.4,177
Overall,car,15.4,15.5,199
Overall,car,15.5,15.6,206
Overall,car,15.6,15.7,202
Overall,car,15.7,15.8,175
Overall,car,15.8,15.9,180
Overall,car,15.9,16.0,183
Overall,car,16.0,16.1,183
Overall,car,16.1,16.2,197
Overall,car,16.2,16.3,171
Overall,car,16.3,16.4,172
Overall,car,16.4,16.5,197
Overall,car,16.5,16.6,178
Overall,car,16.6,16.7,201
Overall,car,16.7,16.8,186
Overall,car,16.8,16.9,177
Overall,car,16.9,17.0,162
Overall,car,17.0,17.1,197
Overall,car,17.1,17.2,171
Overall,car,17.2,17.3,216
Overall,car,17.3,17.4,204
Overall,car,17.4,17.5,200
Overall,car,17.5,17.6,178
Overall,car,17.6,17.7,210
Overall,car,17.7,17.8,214
Overall,car,17.8,17.9,202
Overall,car,17.9,18.0,193
Overall,car,18.0,18.1,197
Overall,car,18.1,18.2,191
Overall,car,18.2,18.3,193
Overall,car,18.3,18.4,190
Overall,car,18.4,18.5,177
Overall,car,18.5,18.6,188
Overall,car,18.6,18.7,206
Overall,car,18.7,18.8,204
Overall,car,18.8,18.9,176
Overall,car,18.9,19.0,189
Overall,car,19.0,19.1,185
Overall,car,19.1,19.2,169
Overall,car,19.2,19.3,176
Overall,car,19.3,19.4,173
Overall,car,19.4,19.5,189
Overall,car,19.5,19.6,184
Overall,car,19.6,19.7,163
Overall,car,19.7,19.8,181
Overall,car,19.8,19.9,166
Overall,car,19.9,20.0,179
Overall,car,20.0,20.1,173
Overall,car,20.1,20.2,190
Overall,car,20.2,20.3,192
Overall,car,20.3,20.4,189
Overall,car,20.4,20.5,167
Overall,car,20.5,20.6,169
Overall,car,20.6,20.7,199
Overall,car,20.7,20.8,199
Overall,car,20.8,20.9,189
Overall,car,20.9,21.0,186
Overall,car,21.0,21.1,163
Overall,car,21.1,21.2,170
Overall,car,21.2,21.3,176
Overall,car,21.3,21.4,184
Overall,car,21.4,21.5,191
Overall,car,21.5,21.6,173
Overall,car,21.6,21.7,177
Overall,car,21.7,21.8,183
Overall,car,21.8,21.9,158
Overall,car,21.9,22.0,165
Overall,car,22.0,22.1,183
Overall,car,22.1,22.2,172
Overall,car,22.2,22.3,152
Overall,car,22.3,22.4,147
Overall,car,22.4,22.5,181
Overall,car,22.5,22.6,161
Overall,car,22.6,22.7,167
Overall,car,22.7,22.8,156
Overall,car,22.8,22.9,162
Overall,car,22.9,23.0,167
Overall,car,23.0,23.1,170
Overall,car,23.1,23.2,171
Overall,car,23.2,23.3,176
Overall,car,23.3,23.4,162
Overall,car,23.4,23.5,154
Overall,car,23.5,23.6,146
Overall,car,23.6,23.7,163
Overall,car,23.7,23.8,150
Overall,car,23.8,23.9,164
Overall,car,23.9,24.0,156
Overall,car,24.0,24.1,145
Overall,car,24.1,24.2,166
Overall,car,24.2,24.3,157
Overall,car,24.3,24.4,148
Overall,car,24.4,24.5,126
Overall,car,24.5,24.6,165
Overall,car,24.6,24.7,144
Overall,car,24.7,24.8,159
Overall,car,24.8,24.9,155
Overall,car,24.9,25.0,137
Overall,car,25.0,25.1,154
Overall,car,25.1,25.2,157
Overall,car,25.2,25.3,115
Overall,car,25.3,25.4,158
Overall,car,25.4,25.5,112
Overall,car,25.5,25.6,144
Overall,car,25.6,25.7,160
Overall,car,25.7,25.8,137
Overall,car,25.8,25.9,150
Overall,car,25.9,26.0,119
Overall,car,26.0,26.1,168
Overall,car,26.1,26.2,126
Overall,car,26.2,26.3,146
Overall,car,26.3,26.4,130
Overall,car,26.4,26.5,131
Overall,car,26.5,26.6,155
Overall,car,26.6,26.7,133
Overall,car,26.7,26.8,158
Overall,car,26.8,26.9,135
Overall,car,26.9,27.0,120
Overall,car,27.0,27.1,131
Overall,car,27.1,27.2,153
Overall,car,27.2,27.3,142
Overall,car,27.3,27.4,152
Overall,car,27.4,27.5,126
Overall,car,27.5,27.6,158
Overall,car,27.6,27.7,135
Overall,car,27.7,27.8,121
Overall,car,27.8,27.9,126
Overall,car,27.9,28.0,129
Overall,car,28.0,28.1,143
Overall,car,28.1,28.2,122
Overall,car,28.2,28.3,153
Overall,car,28.3,28.4,119
Overall,car,28.4,28.5,138
Overall,car,28.5,28.6,139
Overall,car,28.6,28.7,136
Overall,car,28.7,28.8,131
Overall,car,28.8,28.9,117
Overall,car,28.9,29.0,134
Overall,car,29.0,29.1,118
Overall,car,29.1,29.2,115
Overall,car,29.2,29.3,116
Overall,car,29.3,29.4,128
Overall,car,29.4,29.5,119
Overall,car,29.5,29.6,123
Overall,car,29.6,29.7,125
Overall,car,29.7,29.8,108
Overall,car,29.8,29.9,95
Overall,car,29.9,30.0,119
Overall,car,30.0,30.1,105
Overall,car,30.1,30.2,114
Overall,car,30.2,30.3,121
Overall,car,30.3,30.4,123
Overall,car,30.4,30.5,124
Overall,car,30.5,30.6,113
Overall,car,30.6,30.7,116
Overall,car,30.7,30.8,95
Overall,car,30.8,30.9,117
Overall,car,30.9,31.0,100
Overall,car,31.0,31.1,105
Overall,car,31.1,31.2,92
Overall,car,31.2,31.3,101
Overall,car,31.3,31.4,98
Overall,car,31.4,31.5,103
Overall,car,31.5,31.6,104
Overall,car,31.6,31.7,103
Overall,car,31.7,31.8,103
Overall,car,31.8,31.9,102
Overall,car,31.9,32.0,85
Overall,car,32.0,32.1,86
Overall,car,32.1,32.2,93
Overall,car,32.2,32.3,89
Overall,car,32.3,32.4,89
Overall,car,32.4,32.5,97
Overall,car,32.5,32.6,95
Overall,car,32.6,32.7,92
Overall,car,32.7,32.8,102
Overall,car,32.8,32.9,90
Overall,car,32.9,33.0,78
Overall,car,33.0,33.1,94
Overall,car,33.1,33.2,108
Overall,car,33.2,33.3,111
Overall,car,33.3,33.4,95
Overall,car,33.4,33.5,108
Overall,car,33.5,33.6,106
Overall,car,33.6,33.7,78
Overall,car,33.7,33.8,95
Overall,car,33.8,33.9,85
Overall,car,33.9,34.0,86
Overall,car,34.0,34.1,74
Overall,car,34.1,34.2,100
Overall,car,34.2,34.3,69
Overall,car,34.3,34.4,62
Overall,car,34.4,34.5,85
Overall,car,34.5,34.6,72
Overall,car,34.6,34.7,77
Overall,car,34.7,34.8,67
Overall,car,34.8,34.9,79
Overall,car,34.9,35.0,58
Overall,car,35.0,35.1,73
Overall,car,35.1,35.2,80
Overall,car,35.2,35.3,69
Overall,car,35.3,35.4,67
Overall,car,35.4,35.5,62
Overall,car,35.5,35.6,67
Overall,car,35.6,35.7,54
Overall,car,35.7,35.8,64
Overall,car,35.8,35.9,61
Overall,car,35.9,36.0,64
Overall,car,36.0,36.1,76
Overall,car,36.1,36.2,66
Overall,car,36.2,36.3,83
Overall,car,36.3,36.4,68
Overall,car,36.4,36.5,69
Overall,car,36.5,36.6,70
Overall,car,36.6,36.7,78
Overall,car,36.7,36.8,50
Overall,car,36.8,36.9,44
Overall,car,36.9,37.0,61
Overall,car,37.0,37.1,47
Overall,car,37.1,37.2,45
Overall,car,37.2,37.3,62
Overall,car,37.3,37.4,54
Overall,car,37.4,37.5,53
Overall,car,37.5,37.6,59
Overall,car,37.6,37.7,52
Overall,car,37.7,37.8,43
Overall,car,37.8,37.9,42
Overall,car,37.9,38.0,53
Overall,car,38.0,38.1,45
Overall,car,38.1,38.2,44
Overall,car,38.2,38.3,42
Overall,car,38.3,38.4,43
Overall,car,38.4,38.5,42
Overall,car,38.5,38.6,47
Overall,car,38.6,38.7,38
Overall,car,38.7,38.8,46
Overall,car,38.8,38.9,41
Overall,car,38.9,39.0,48
Overall,car,39.0,39.1,45
Overall,car,39.1,39.2,46
Overall,car,39.2,39.3,49
Overall,car,39.3,39.4,42
Overall,car,39.4,39.5,52
Overall,car,39.5,39.6,46
Overall,car,39.6,39.7,36
Overall,car,39.7,39.8,48
Overall,car,39.8,39.9,31
Overall,car,39.9,40.0,49
Overall,car,40.0,40.1,48
Overall,car,40.1,40.2,32
Overall,car,40.2,40.3,37
Overall,car,40.3,40.4,45
Overall,car,40.4,40.5,38
Overall,car,40.5,40.6,27
Overall,car,40.6,40.7,39
Overall,car,40.7,40.8,29
Overall,car,40.8,40.9,34
Overall,car,40.9,41.0,28
Overall,car,41.0,41.1,25
Overall,car,41.1,41.2,29
Overall,car,41.2,41.3,38
Overall,car,41.3,41.4,32
Overall,car,41.4,41.5,30
Overall,car,41.5,41.6,30
Overall,car,41.6,41.7,28
Overall,car,41.7,41.8,23
Overall,car,41.8,41.9,42
Overall,car,41.9,42.0,31
Overall,car,42.0,42.1,35
Overall,car,42.1,42.2,43
Overall,car,42.2,42.3,30
Overall,car,42.3,42.4,38
Overall,car,42.4,42.5,31
Overall,car,42.5,42.6,30
Overall,car,42.6,42.7,28
Overall,car,42.7,42.8,31
Overall,car,42.8,42.9,26
Overall,car,42.9,43.0,32
Overall,car,43.0,43.1,30
Overall,car,43.1,43.2,26
Overall,car,43.2,43.3,36
Overall,car,43.3,43.4,37
Overall,car,43.4,43.5,24
Overall,car,43.5,43.6,28
Overall,car,43.6,43.7,35
Overall,car,43.7,43.8,33
Overall,car,43.8,43.9,30
Overall,car,43.9,44.0,30
Overall,car,44.0,44.1,30
Overall,car,44.1,44.2,24
Overall,car,44.2,44.3,27
Overall,car,44.3,44.4,32
Overall,car,44.4,44.5,32
Overall,car,44.5,44.6,18
Overall,car,44.6,44.7,28
Overall,car,44.7,44.8,21
Overall,car,44.8,44.9,20
Overall,car,44.9,45.0,25
Overall,car,45.0,45.1,19
Overall,car,45.1,45.2,15
Overall,car,45.2,45.3,25
Overall,car,45.3,45.4,18
Overall,car,45.4,45.5,21
Overall,car,45.5,45.6,28
Overall,car,45.6,45.7,21
Overall,car,45.7,45.8,24
Overall,car,45.8,45.9,23
Overall,car,45.9,46.0,19
Overall,car,46.0,46.1,18
Overall,car,46.1,46.2,16
Overall,car,46.2,46.3,27
Overall,car,46.3,46.4,12
Overall,car,46.4,46.5,16
Overall,car,46.5,46.6,22
Overall,car,46.6,46.7,20
Overall,car,46.7,46.8,18
Overall,car,46.8,46.9,18
Overall,car,46.9,47.0,22
Overall,car,47.0,47.1,17
Overall,car,47.1,47.2,16
Overall,car,47.2,47.3,14
Overall,car,47.3,47.4,16
Overall,car,47.4,47.5,20
Overall,car,47.5,47.6,19
Overall,car,47.6,47.7,25
Overall,car,47.7,47.8,20
Overall,car,47.8,47.9,16
Overall,car,47.9,48.0,18
Overall,car,48.0,48.1,26
Overall,car,48.1,48.2,21
Overall,car,48.2,48.3,21
Overall,car,48.3,48.4,22
Overall,car,48.4,48.5,13
Overall,car,48.5,48.6,16
Overall,car,48.6,48.7,14
Overall,car,48.7,48.8,13
Overall,car,48.8,48.9,12
Overall,car,48.9,49.0,14
Overall,car,49.0,49.1,12
Overall,car,49.1,49.2,18
Overall,car,49.2,49.3,11
Overall,car,49.3,49.4,11
Overall,car,49.4,49.5,15
Overall,car,49.5,49.6,16
Overall,car,49.6,49.7,11
Overall,car,49.7,49.8,18
Overall,car,49.8,49.9,11
Overall,car,49.9,50.0,13
Overall,car,50.0,50.1,11
Overall,car,50.1,50.2,9
Overall,car,50.2,50.3,8
Overall,car,50.3,50.4,12
Overall,car,50.4,50.5,11
Overall,car,50.5,50.6,10
Overall,car,50.6,50.7,9
Overall,car,50.7,50.8,11
Overall,car,50.8,50.9,15
Overall,car,50.9,51.0,5
Overall,car,51.0,51.1,12
Overall,car,51.1,51.2,16
Overall,car,51.2,51.3,12
Overall,car,51.3,51.4,6
Overall,car,51.4,51.5,5
Overall,car,51.5,51.6,13
Overall,car,51.6,51.7,10
Overall,car,51.7,51.8,7
Overall,car,51.8,51.9,10
Overall,car,51.9,52.0,8
Overall,car,52.0,52.1,9
Overall,car,52.1,52.2,9
Overall,car,52.2,52.3,8
Overall,car,52.3,52.4,8
Overall,car,52.4,52.5,10
Overall,car,52.5,52.6,5
Overall,car,52.6,52.7,12
Overall,car,52.7,52.8,6
Overall,car,52.8,52.9,9
Overall,car,52.9,53.0,9
Overall,car,53.0,53.1,7
Overall,car,53.1,53.2,5
Overall,car,53.2,53.3,7
Overall,car,53.3,53.4,4
Overall,car,53.4,53.5,6
Overall,car,53.5,53.6,8
Overall,car,53.6,53.7,4
Overall,car,53.7,53.8,4
Overall,car,53.8,53.9,9
Overall,car,53.9,54.0,3
Overall,car,54.0,54.1,9
Overall,car,54.1,54.2,5
Overall,car,54.2,54.3,3
Overall,car,54.3,54.4,5
Overall,car,54.4,54.5,3
Overall,car,54.5,54.6,3
Overall,car,54.6,54.7,3
Overall,car,54.7,54.8,6
Overall,car,54.8,54.9,6
Overall,car,54.9,55.0,8
Overall,car,55.0,55.1,3
Overall,car,55.1,55.2,8
Overall,car,55.2,55.3,1
Overall,car,55.3,55.4,2
Overall,car,55.4,55.5,3
Overall,car,55.5,55.6,4
Overall,car,55.6,55.7,6
Overall,car,55.7,55.8,4
Overall,car,55.8,55.9,6
Overall,car,55.9,56.0,3
Overall,car,56.0,56.1,4
Overall,car,56.1,56.2,5
Overall,car,56.2,56.3,9
Overall,car,56.3,56.4,3
Overall,car,56.4,56.5,5
Overall,car,56.5,56.6,2
Overall,car,56.6,56.7,2
Overall,car,56.7,56.8,9
Overall,car,56.8,56.9,6
Overall,car,56.9,57.0,2
Overall,car,57.0,57.1,2
Overall,car,57.1,57.2,7
Overall,car,57.2,57.3,6
Overall,car,57.3,57.4,5
Overall,car,57.4,57.5,4
Overall,car,57.5,57.6,1
Overall,car,57.6,57.7,3
Overall,car,57.7,57.8,2
Overall,car,57.8,57.9,2
Overall,car,57.9,58.0,2
Overall,car,58.0,58.1,4
Overall,car,58.1,58.2,3
Overall,car,58.2,58.3,3
Overall,car,58.3,58.4,3
Overall,car,58.4,58.5,5
Overall,car,58.5,58.6,7
Overall,car,58.7,58.8,1
Overall,car,58.8,58.9,2
Overall,car,59.0,59.1,5
Overall,car,59.1,59.2,3
Overall,car,59.2,59.3,1
Overall,car,59.3,59.4,2
Overall,car,59.4,59.5,1
Overall,car,59.5,59.6,4
Overall,car,59.6,59.7,2
Overall,car,59.8,59.9,4
Overall,car,60.0,inf,48
Helsinki,car_bev,1.1,1.2,3
Helsinki,car_bev,1.2,1.3,9
Helsinki,car_bev,1.3,1.4,20
Helsinki,car_bev,1.4,1.5,24
Helsinki,car_bev,1.5,1.6,32
Helsinki,car_bev,1.6,1.7,62
Helsinki,car_bev,1.7,1.8,64
Helsinki,car_bev,1.8,1.9,70
Helsinki,car_bev,1.9,2.0,112
Helsinki,car_bev,2.0,2.1,96
Helsinki,car_bev,2.1,2.2,110
Helsinki,car_bev,2.2,2.3,136
Helsinki,car_bev,2.3,2.4,156
Helsinki,car_bev,2.4,2.5,142
Helsinki,car_bev,2.5,2.6,159
Helsinki,car_bev,2.6,2.7,178
Helsinki,car_bev,2.7,2.8,189
Helsinki,car_bev,2.8,2.9,217
Helsinki,car_bev,2.9,3.0,242
Helsinki,car_bev,3.0,3.1,215
Helsinki,car_bev,3.1,3.2,239
Helsinki,car_bev,3.2,3.3,240
Helsinki,car_bev,3.3,3.4,256
Helsinki,car_bev,3.4,3.5,288
Helsinki,car_bev,3.5,3.6,293
Helsinki,car_bev,3.6,3.7,275
Helsinki,car_bev,3.7,3.8,273
Helsinki,car_bev,3.8,3.9,282
Helsinki,car_bev,3.9,4.0,278
Helsinki,car_bev,4.0,4.1,233
Helsinki,car_bev,4.1,4.2,238
Helsinki,car_bev,4.2,4.3,249
Helsinki,car_bev,4.3,4.4,245
Helsinki,car_bev,4.4,4.5,278
Helsinki,car_bev,4.5,4.6,254
Helsinki,car_bev,4.6,4.7,241
Helsinki,car_bev,4.7,4.8,221
Helsinki,car_bev,4.8,4.9,281
Helsinki,car_bev,4.9,5.0,279
Helsinki,car_bev,5.0,5.1,248
Helsinki,car_bev,5.1,5.2,247
Helsinki,car_bev,5.2,5.3,244
Helsinki,car_bev,5.3,5.4,272
Helsinki,car_bev,5.4,5.5,267
Helsinki,car_bev,5.5,5.6,266
Helsinki,car_bev,5.6,5.7,260
Helsinki,car_bev,5.7,5.8,268
Helsinki,car_bev,5.8,5.9,265
Helsinki,car_bev,5.9,6.0,280
Helsinki,car_bev,6.0,6.1,263
Helsinki,car_bev,6.1,6.2,249
Helsinki,car_bev,6.2,6.3,256
Helsinki,car_bev,6.3,6.4,229
Helsinki,car_bev,6.4,6.5,278
Helsinki,car_bev,6.5,6.6,241
Helsinki,car_bev,6.6,6.7,285
Helsinki,car_bev,6.7,6.8,286
Helsinki,car_bev,6.8,6.9,241
Helsinki,car_bev,6.9,7.0,241
Helsinki,car_bev,7.0,7.1,225
Helsinki,car_bev,7.1,7.2,258
Helsinki,car_bev,7.2,7.3,260
Helsinki,car_bev,7.3,7.4,269
Helsinki,car_bev,7.4,7.5,261
Helsinki,car_bev,7.5,7.6,251
Helsinki,car_bev,7.6,7.7,271
Helsinki,car_bev,7.7,7.8,261
Helsinki,car_bev,7.8,7.9,254
Helsinki,car_bev,7.9,8.0,252
Helsinki,car_bev,8.0,8.1,271
Helsinki,car_bev,8.1,8.2,266
Helsinki,car_bev,8.2,8.3,232
Helsinki,car_bev,8.3,8.4,250
Helsinki,car_bev,8.4,8.5,238
Helsinki,car_bev,8.5,8.6,269
Helsinki,car_bev,8.6,8.7,245
Helsinki,car_bev,8.7,8.8,260
Helsinki,car_bev,8.8,8.9,254
Helsinki,car_bev,8.9,9.0,285
Helsinki,car_bev,9.0,9.1,268
Helsinki,car_bev,9.1,9.2,265
Helsinki,car_bev,9.2,9.3,314
Helsinki,car_bev,9.3,9.4,275
Helsinki,car_bev,9.4,9.5,234
Helsinki,car_bev,9.5,9.6,285
Helsinki,car_bev,9.6,9.7,241
Helsinki,car_bev,9.7,9.8,282
Helsinki,car_bev,9.8,9.9,250
Helsinki,car_bev,9.9,10.0,245
Helsinki,car_bev,10.0,10.1,280
Helsinki,car_bev,10.1,10.2,246
Helsinki,car_bev,10.2,10.3,242
Helsinki,car_bev,10.3,10.4,247
Helsinki,car_bev,10.4,10.5,257
Helsinki,car_bev,10.5,10.6,229
Helsinki,car_bev,10.6,10.7,274
Helsinki,car_bev,10.7,10.8,267
Helsinki,car_bev,10.8,10.9,261
Helsinki,car_bev,10.9,11.0,226
Helsinki,car_bev,11.0,11.1,248
Helsinki,car_bev,11.1,11.2,241
Helsinki,car_bev,11.2,11.3,238
Helsinki,car_bev,11.3,11.4,238
Helsinki,car_bev,11.4,11.5,253
Helsinki,car_bev,11.5,11.6,244
Helsinki,car_bev,11.6,11.7,233
Helsinki,car_bev,11.7,11.8,236
Helsinki,car_bev,11.8,11.9,241
Helsinki,car_bev,11.9,12.0,229
Helsinki,car_bev,12.0,12.1,208
Helsinki,car_bev,12.1,12.2,227
Helsinki,car_bev,12.2,12.3,229
Helsinki,car_bev,12.3,12.4,229
Helsinki,car_bev,12.4,12.5,216
Helsinki,car_bev,12.5,12.6,207
Helsinki,car_bev,12.6,12.7,198
Helsinki,car_bev,12.7,12.8,206
Helsinki,car_bev,12.8,12.9,188
Helsinki,car_bev,12.9,13.0,176
Helsinki,car_bev,13.0,13.1,184
Helsinki,car_bev,13.1,13.2,217
Helsinki,car_bev,13.2,13.3,183
Helsinki,car_bev,13.3,13.4,179
Helsinki,car_bev,13.4,13.5,164
Helsinki,car_bev,13.5,13.6,166
Helsinki,car_bev,13.6,13.7,182
Helsinki,car_bev,13.7,13.8,168
Helsinki,car_bev,13.8,13.9,148
Helsinki,car_bev,13.9,14.0,141
Helsinki,car_bev,14.0,14.1,155
Helsinki,car_bev,14.1,14.2,153
Helsinki,car_bev,14.2,14.3,140
Helsinki,car_bev,14.3,14.4,177
Helsinki,car_bev,14.4,14.5,160
Helsinki,car_bev,14.5,14.6,151
Helsinki,car_bev,14.6,14.7,150
Helsinki,car_bev,14.7,14.8,141
Helsinki,car_bev,14.8,14.9,126
Helsinki,car_bev,14.9,15.0,123
Helsinki,car_bev,15.0,15.1,117
Helsinki,car_bev,15.1,15.2,127
Helsinki,car_bev,15.2,15.3,106
Helsinki,car_bev,15.3,15.4,100
Helsinki,car_bev,15.4,15.5,102
Helsinki,car_bev,15.5,15.6,115
Helsinki,car_bev,15.6,15.7,114
Helsinki,car_bev,15.7,15.8,117
Helsinki,car_bev,15.8,15.9,104
Helsinki,car_bev,15.9,16.0,89
Helsinki,car_bev,16.0,16.1,94
Helsinki,car_bev,16.1,16.2,78
Helsinki,car_bev,16.2,16.3,95
Helsinki,car_bev,16.3,16.4,69
Helsinki,car_bev,16.4,16.5,81
Helsinki,car_bev,16.5,16.6,77
Helsinki,car_bev,16.6,16.7,74
Helsinki,car_bev,16.7,16.8,68
Helsinki,car_bev,16.8,16.9,67
Helsinki,car_bev,16.9,17.0,65
Helsinki,car_bev,17.0,17.1,77
Helsinki,car_bev,17.1,17.2,70
Helsinki,car_bev,17.2,17.3,76
Helsinki,car_bev,17.3,17.4,60
Helsinki,car_bev,17.4,17.5,66
Helsinki,car_bev,17.5,17.6,56
Helsinki,car_bev,17.6,17.7,55
Helsinki,car_bev,17.7,17.8,45
Helsinki,car_bev,17.8,17.9,59
Helsinki,car_bev,17.9,18.0,52
Helsinki,car_bev,18.0,18.1,55
Helsinki,car_bev,18.1,18.2,47
Helsinki,car_bev,18.2,18.3,64
Helsinki,car_bev,18.3,18.4,44
Helsinki,car_bev,18.4,18.5,53
Helsinki,car_bev,18.5,18.6,44
Helsinki,car_bev,18.6,18.7,57
Helsinki,car_bev,18.7,18.8,47
Helsinki,car_bev,18.8,18.9,58
Helsinki,car_bev,18.9,19.0,51
Helsinki,car_bev,19.0,19.1,48
Helsinki,car_bev,19.1,19.2,54
Helsinki,car_bev,19.2,19.3,41
Helsinki,car_bev,19.3,19.4,36
Helsinki,car_bev,19.4,19.5,36
Helsinki,car_bev,19.5,19.6,34
Helsinki,car_bev,19.6,19.7,38
Helsinki,car_bev,19.7,19.8,33
Helsinki,car_bev,19.8,19.9,39
Helsinki,car_bev,19.9,20.0,35
Helsinki,car_bev,20.0,20.1,24
Helsinki,car_bev,20.1,20.2,34
Helsinki,car_bev,20.2,20.3,32
Helsinki,car_bev,20.3,20.4,26
Helsinki,car_bev,20.4,20.5,30
Helsinki,car_bev,20.5,20.6,28
Helsinki,car_bev,20.6,20.7,31
Helsinki,car_bev,20.7,20.8,32
Helsinki,car_bev,20.8,20.9,39
Helsinki,car_bev,20.9,21.0,23
Helsinki,car_bev,21.0,21.1,23
Helsinki,car_bev,21.1,21.2,16
Helsinki,car_bev,21.2,21.3,20
Helsinki,car_bev,21.3,21.4,16
Helsinki,car_bev,21.4,21.5,20
Helsinki,car_bev,21.5,21.6,20
Helsinki,car_bev,21.6,21.7,17
Helsinki,car_bev,21.7,21.8,15
Helsinki,car_bev,21.8,21.9,13
Helsinki,car_bev,21.9,22.0,14
Helsinki,car_bev,22.0,22.1,16
Helsinki,car_bev,22.1,22.2,16
Helsinki,car_bev,22.2,22.3,8
Helsinki,car_bev,22.3,22.4,7
Helsinki,car_bev,22.4,22.5,11
Helsinki,car_bev,22.5,22.6,12
Helsinki,car_bev,22.6,22.7,9
Helsinki,car_bev,22.7,22.8,6
Helsinki,car_bev,22.8,22.9,6
Helsinki,car_bev,22.9,23.0,9
Helsinki,car_bev,23.0,23.1,9
Helsinki,car_bev,23.1,23.2,9
Helsinki,car_bev,23.2,23.3,8
Helsinki,car_bev,23.3,23.4,7
Helsinki,car_bev,23.4,23.5,5
Helsinki,car_bev,23.5,23.6,5
Helsinki,car_bev,23.6,23.7,4
Helsinki,car_bev,23.7,23.8,4
Helsinki,car_bev,23.8,23.9,2
Helsinki,car_bev,24.0,24.1,4
Helsinki,car_bev,24.1,24.2,6
Helsinki,car_bev,24.2,24.3,5
Helsinki,car_bev,24.3,24.4,3
Helsinki,car_bev,24.4,24.5,2
Helsinki,car_bev,24.5,24.6,2
Helsinki,car_bev,24.6,24.7,1
Helsinki,car_bev,24.7,24.8,4
Helsinki,car_bev,24.9,25.0,3
Helsinki,car_bev,25.0,25.1,4
Helsinki,car_bev,25.1,25.2,2
Helsinki,car_bev,25.2,25.3,4
Helsinki,car_bev,25.3,25.4,1
Helsinki,car_bev,25.5,25.6,1
Helsinki,car_bev,25.6,25.7,1
Helsinki,car_bev,25.7,25.8,1
Helsinki,car_bev,25.8,25.9,1
Helsinki,car_bev,26.2,26.3,1
Helsinki,car_bev,26.4,26.5,1
Helsinki,car_bev,27.1,27.2,1
Helsinki,car_bev,27.8,27.9,1
Helsinki,car_bev,28.1,28.2,2
Turku,car_bev,1.6,1.7,2
Turku,car_bev,1.9,2.0,1
Turku,car_bev,2.0,2.1,4
Turku,car_bev,2.1,2.2,3
Turku,car_bev,2.2,2.3,8
Turku,car_bev,2.3,2.4,9
Turku,car_bev,2.4,2.5,15
Turku,car_bev,2.5,2.6,19
Turku,car_bev,2.6,2.7,31
Turku,car_bev,2.7,2.8,27
Turku,car_bev,2.8,2.9,35
Turku,car_bev,2.9,3.0,39
Turku,car_bev,3.0,3.1,50
Turku,car_bev,3.1,3.2,64
Turku,car_bev,3.2,3.3,74
Turku,car_bev,3.3,3.4,75
Turku,car_bev,3.4,3.5,64
Turku,car_bev,3.5,3.6,84
Turku,car_bev,3.6,3.7,85
Turku,car_bev,3.7,3.8,72
Turku,car_bev,3.8,3.9,99
Turku,car_bev,3.9,4.0,80
Turku,car_bev,4.0,4.1,123
Turku,car_bev,4.1,4.2,99
Turku,car_bev,4.2,4.3,88
Turku,car_bev,4.3,4.4,100
Turku,car_bev,4.4,4.5,92
Turku,car_bev,4.5,4.6,84
Turku,car_bev,4.6,4.7,77
Turku,car_bev,4.7,4.8,86
Turku,car_bev,4.8,4.9,86
Turku,car_bev,4.9,5.0,88
Turku,car_bev,5.0,5.1,106
Turku,car_bev,5.1,5.2,90
Turku,car_bev,5.2,5.3,107
Turku,car_bev,5.3,5.4,80
Turku,car_bev,5.4,5.5,91
Turku,car_bev,5.5,5.6,117
Turku,car_bev,5.6,5.7,105
Turku,car_bev,5.7,5.8,88
Turku,car_bev,5.8,5.9,81
Turku,car_bev,5.9,6.0,103
Turku,car_bev,6.0,6.1,87
Turku,car_bev,6.1,6.2,91
Turku,car_bev,6.2,6.3,87
Turku,car_bev,6.3,6.4,74
Turku,car_bev,6.4,6.5,83
Turku,car_bev,6.5,6.6,70
Turku,car_bev,6.6,6.7,56
Turku,car_bev,6.7,6.8,72
Turku,car_bev,6.8,6.9,80
Turku,car_bev,6.9,7.0,76
Turku,car_bev,7.0,7.1,72
Turku,car_bev,7.1,7.2,59
Turku,car_bev,7.2,7.3,63
Turku,car_bev,7.3,7.4,57
Turku,car_bev,7.4,7.5,73
Turku,car_bev,7.5,7.6,73
Turku,car_bev,7.6,7.7,73
Turku,car_bev,7.7,7.8,58
Turku,car_bev,7.8,7.9,74
Turku,car_bev,7.9,8.0,49
Turku,car_bev,8.0,8.1,70
Turku,car_bev,8.1,8.2,50
Turku,car_bev,8.2,8.3,43
Turku,car_bev,8.3,8.4,46
Turku,car_bev,8.4,8.5,41
Turku,car_bev,8.5,8.6,39
Turku,car_bev,8.6,8.7,43
Turku,car_bev,8.7,8.8,52
Turku,car_bev,8.8,8.9,29
Turku,car_bev,8.9,9.0,53
Turku,car_bev,9.0,9.1,37
Turku,car_bev,9.1,9.2,40
Turku,car_bev,9.2,9.3,23
Turku,car_bev,9.3,9.4,35
Turku,car_bev,9.4,9.5,37
Turku,car_bev,9.5,9.6,36
Turku,car_bev,9.6,9.7,40
Turku,car_bev,9.7,9.8,34
Turku,car_bev,9.8,9.9,45
Turku,car_bev,9.9,10.0,39
Turku,car_bev,10.0,10.1,41
Turku,car_bev,10.1,10.2,34
Turku,car_bev,10.2,10.3,33
Turku,car_bev,10.3,10.4,32
Turku,car_bev,10.4,10.5,34
Turku,car_bev,10.5,10.6,26
Turku,car_bev,10.6,10.7,24
Turku,car_bev,10.7,10.8,28
Turku,car_bev,10.8,10.9,38
Turku,car_bev,10.9,11.0,18
Turku,car_bev,11.0,11.1,24
Turku,car_bev,11.1,11.2,41
Turku,car_bev,11.2,11.3,29
Turku,car_bev,11.3,11.4,19
Turku,car_bev,11.4,11.5,22
Turku,car_bev,11.5,11.6,37
Turku,car_bev,11.6,11.7,26
Turku,car_bev,11.7,11.8,31
Turku,car_bev,11.8,11.9,36
Turku,car_bev,11.9,12.0,29
Turku,car_bev,12.0,12.1,24
Turku,car_bev,12.1,12.2,26
Turku,car_bev,12.2,12.3,26
Turku,car_bev,12.3,12.4,38
Turku,car_bev,12.4,12.5,34
Turku,car_bev,12.5,12.6,27
Turku,car_bev,12.6,12.7,26
Turku,car_bev,12.7,12.8,35
Turku,car_bev,12.8,12.9,18
Turku,car_bev,12.9,13.0,27
Turku,car_bev,13.0,13.1,35
Turku,car_bev,13.1,13.2,33
Turku,car_bev,13.2,13.3,29
Turku,car_bev,13.3,13.4,23
Turku,car_bev,13.4,13.5,21
Turku,car_bev,13.5,13.6,31
Turku,car_bev,13.6,13.7,23
Turku,car_bev,13.7,13.8,18
Turku,car_bev,13.8,13.9,20
Turku,car_bev,13.9,14.0,19
Turku,car_bev,14.0,14.1,22
Turku,car_bev,14.1,14.2,20
Turku,car_bev,14.2,14.3,26
Turku,car_bev,14.3,14.4,32
Turku,car_bev,14.4,14.5,20
Turku,car_bev,14.5,14.6,21
Turku,car_bev,14.6,14.7,10
Turku,car_bev,14.7,14.8,17
Turku,car_bev,14.8,14.9,20
Turku,car_bev,14.9,15.0,11
Turku,car_bev,15.0,15.1,12
Turku,car_bev,15.1,15.2,13
Turku,car_bev,15.2,15.3,18
Turku,car_bev,15.3,15.4,11
Turku,car_bev,15.4,15.5,9
Turku,car_bev,15.5,15.6,6
Turku,car_bev,15.6,15.7,21
Turku,car_bev,15.7,15.8,6
Turku,car_bev,15.8,15.9,11
Turku,car_bev,15.9,16.0,9
Turku,car_bev,16.0,16.1,5
Turku,car_bev,16.1,16.2,8
Turku,car_bev,16.2,16.3,10
Turku,car_bev,16.3,16.4,4
Turku,car_bev,16.4,16.5,3
Turku,car_bev,16.5,16.6,5
Turku,car_bev,16.6,16.7,5
Turku,car_bev,16.7,16.8,8
Turku,car_bev,16.8,16.9,7
Turku,car_bev,16.9,17.0,13
Turku,car_bev,17.0,17.1,7
Turku,car_bev,17.1,17.2,7
Turku,car_bev,17.2,17.3,8
Turku,car_bev,17.3,17.4,2
Turku,car_bev,17.4,17.5,1
Turku,car_bev,17.5,17.6,3
Turku,car_bev,17.6,17.7,1
Turku,car_bev,17.7,17.8,3
Turku,car_bev,17.8,17.9,5
Turku,car_bev,17.9,18.0,3
Turku,car_bev,18.0,18.1,3
Turku,car_bev,18.1,18.2,8
Turku,car_bev,18.2,18.3,3
Turku,car_bev,18.3,18.4,6
Turku,car_bev,18.4,18.5,3
Turku,car_bev,18.5,18.6,4
Turku,car_bev,18.6,18.7,2
Turku,car_bev,18.7,18.8,3
Turku,car_bev,18.8,18.9,2
Turku,car_bev,18.9,19.0,3
Turku,car_bev,19.0,19.1,2
Turku,car_bev,19.1,19.2,3
Turku,car_bev,19.3,19.4,1
Turku,car_bev,19.5,19.6,1
Turku,car_bev,19.6,19.7,1
Turku,car_bev,19.7,19.8,3
Turku,car_bev,19.8,19.9,1
Turku,car_bev,19.9,20.0,4
Turku,car_bev,20.0,20.1,5
Turku,car_bev,20.1,20.2,1
Turku,car_bev,20.3,20.4,1
Turku,car_bev,20.4,20.5,2
Turku,car_bev,20.5,20.6,2
Turku,car_bev,20.6,20.7,2
Turku,car_bev,20.7,20.8,3
Turku,car_bev,20.8,20.9,3
Turku,car_bev,20.9,21.0,1
Turku,car_bev,21.0,21.1,1
Turku,car_bev,21.1,21.2,1
Turku,car_bev,21.2,21.3,1
Turku,car_bev,21.3,21.4,2
Turku,car_bev,21.5,21.6,1
Turku,car_bev,21.6,21.7,3
Turku,car_bev,22.6,22.7,1
Turku,car_bev,22.9,23.0,1
Turku,car_bev,23.2,23.3,2
Turku,car_bev,23.5,23.6,1
Turku,car_bev,23.7,23.8,1
Turku,car_bev,23.8,23.9,3
Turku,car_bev,23.9,24.0,1
Turku,car_bev,24.0,24.1,2
Turku,car_bev,24.5,24.6,1
Turku,car_bev,24.7,24.8,1
Turku,car_bev,24.8,24.9,2
Turku,car_bev,25.1,25.2,1
Turku,car_bev,25.2,25.3,1
Turku,car_bev,25.4,25.5,1
Turku,car_bev,25.5,25.6,1
Turku,car_bev,25.7,25.8,1
Turku,car_bev,26.0,26.1,1
Turku,car_bev,26.7,26.8,2
Tampere,car_bev,1.3,1.4,3
Tampere,car_bev,1.4,1.5,2
Tampere,car_bev,1.5,1.6,2
Tampere,car_bev,1.6,1.7,4
Tampere,car_bev,1.7,1.8,5
Tampere,car_bev,1.8,1.9,6
Tampere,car_bev,1.9,2.0,13
Tampere,car_bev,2.0,2.1,18
Tampere,car_bev,2.1,2.2,16
Tampere,car_bev,2.2,2.3,12
Tampere,car_bev,2.3,2.4,24
Tampere,car_bev,2.4,2.5,22
Tampere,car_bev,2.5,2.6,30
Tampere,car_bev,2.6,2.7,30
Tampere,car_bev,2.7,2.8,40
Tampere,car_bev,2.8,2.9,55
Tampere,car_bev,2.9,3.0,66
Tampere,car_bev,3.0,3.1,74
Tampere,car_bev,3.1,3.2,56
Tampere,car_bev,3.2,3.3,69
Tampere,car_bev,3.3,3.4,82
Tampere,car_bev,3.4,3.5,76
Tampere,car_bev,3.5,3.6,51
Tampere,car_bev,3.6,3.7,76
Tampere,car_bev,3.7,3.8,69
Tampere,car_bev,3.8,3.9,83
Tampere,car_bev,3.9,4.0,91
Tampere,car_bev,4.0,4.1,68
Tampere,car_bev,4.1,4.2,54
Tampere,car_bev,4.2,4.3,76
Tampere,car_bev,4.3,4.4,61
Tampere,car_bev,4.4,4.5,51
Tampere,car_bev,4.5,4.6,67
Tampere,car_bev,4.6,4.7,70
Tampere,car_bev,4.7,4.8,69
Tampere,car_bev,4.8,4.9,60
Tampere,car_bev,4.9,5.0,49
Tampere,car_bev,5.0,5.1,54
Tampere,car_bev,5.1,5.2,53
Tampere,car_bev,5.2,5.3,68
Tampere,car_bev,5.3,5.4,52
Tampere,car_bev,5.4,5.5,55
Tampere,car_bev,5.5,5.6,32
Tampere,car_bev,5.6,5.7,52
Tampere,car_bev,5.7,5.8,52
Tampere,car_bev,5.8,5.9,59
Tampere,car_bev,5.9,6.0,50
Tampere,car_bev,6.0,6.1,61
Tampere,car_bev,6.1,6.2,51
Tampere,car_bev,6.2,6.3,65
Tampere,car_bev,6.3,6.4,57
Tampere,car_bev,6.4,6.5,62
Tampere,car_bev,6.5,6.6,57
Tampere,car_bev,6.6,6.7,69
Tampere,car_bev,6.7,6.8,68
Tampere,car_bev,6.8,6.9,60
Tampere,car_bev,6.9,7.0,81
Tampere,car_bev,7.0,7.1,65
Tampere,car_bev,7.1,7.2,77
Tampere,car_bev,7.2,7.3,60
Tampere,car_bev,7.3,7.4,63
Tampere,car_bev,7.4,7.5,80
Tampere,car_bev,7.5,7.6,83
Tampere,car_bev,7.6,7.7,99
Tampere,car_bev,7.7,7.8,82
Tampere,car_bev,7.8,7.9,96
Tampere,car_bev,7.9,8.0,95
Tampere,car_bev,8.0,8.1,83
Tampere,car_bev,8.1,8.2,75
Tampere,car_bev,8.2,8.3,91
Tampere,car_bev,8.3,8.4,91
Tampere,car_bev,8.4,8.5,79
Tampere,car_bev,8.5,8.6,82
Tampere,car_bev,8.6,8.7,75
Tampere,car_bev,8.7,8.8,94
Tampere,car_bev,8.8,8.9,78
Tampere,car_bev,8.9,9.0,97
Tampere,car_bev,9.0,9.1,76
Tampere,car_bev,9.1,9.2,71
Tampere,car_bev,9.2,9.3,73
Tampere,car_bev,9.3,9.4,63
Tampere,car_bev,9.4,9.5,69
Tampere,car_bev,9.5,9.6,61
Tampere,car_bev,9.6,9.7,56
Tampere,car_bev,9.7,9.8,53
Tampere,car_bev,9.8,9.9,55
Tampere,car_bev,9.9,10.0,75
Tampere,car_bev,10.0,10.1,61
Tampere,car_bev,10.1,10.2,60
Tampere,car_bev,10.2,10.3,59
Tampere,car_bev,10.3,10.4,53
Tampere,car_bev,10.4,10.5,63
Tampere,car_bev,10.5,10.6,45
Tampere,car_bev,10.6,10.7,38
Tampere,car_bev,10.7,10.8,38
Tampere,car_bev,10.8,10.9,45
Tampere,car_bev,10.9,11.0,41
Tampere,car_bev,11.0,11.1,51
Tampere,car_bev,11.1,11.2,38
Tampere,car_bev,11.2,11.3,46
Tampere,car_bev,11.3,11.4,39
Tampere,car_bev,11.4,11.5,33
Tampere,car_bev,11.5,11.6,41
Tampere,car_bev,11.6,11.7,34
Tampere,car_bev,11.7,11.8,46
Tampere,car_bev,11.8,11.9,38
Tampere,car_bev,11.9,12.0,47
Tampere,car_bev,12.0,12.1,40
Tampere,car_bev,12.1,12.2,44
Tampere,car_bev,12.2,12.3,42
Tampere,car_bev,12.3,12.4,38
Tampere,car_bev,12.4,12.5,36
Tampere,car_bev,12.5,12.6,31
Tampere,car_bev,12.6,12.7,44
Tampere,car_bev,12.7,12.8,44
Tampere,car_bev,12.8,12.9,36
Tampere,car_bev,12.9,13.0,31
Tampere,car_bev,13.0,13.1,42
Tampere,car_bev,13.1,13.2,37
Tampere,car_bev,13.2,13.3,31
Tampere,car_bev,13.3,13.4,44
Tampere,car_bev,13.4,13.5,31
Tampere,car_bev,13.5,13.6,37
Tampere,car_bev,13.6,13.7,34
Tampere,car_bev,13.7,13.8,41
Tampere,car_bev,13.8,13.9,35
Tampere,car_bev,13.9,14.0,33
Tampere,car_bev,14.0,14.1,41
Tampere,car_bev,14.1,14.2,48
Tampere,car_bev,14.2,14.3,21
Tampere,car_bev,14.3,14.4,33
Tampere,car_bev,14.4,14.5,48
Tampere,car_bev,14.5,14.6,35
Tampere,car_bev,14.6,14.7,31
Tampere,car_bev,14.7,14.8,20
Tampere,car_bev,14.8,14.9,25
Tampere,car_bev,14.9,15.0,23
Tampere,car_bev,15.0,15.1,22
Tampere,car_bev,15.1,15.2,26
Tampere,car_bev,15.2,15.3,28
Tampere,car_bev,15.3,15.4,18
Tampere,car_bev,15.4,15.5,28
Tampere,car_bev,15.5,15.6,31
Tampere,car_bev,15.6,15.7,27
Tampere,car_bev,15.7,15.8,34
Tampere,car_bev,15.8,15.9,28
Tampere,car_bev,15.9,16.0,20
Tampere,car_bev,16.0,16.1,19
Tampere,car_bev,16.1,16.2,23
Tampere,car_bev,16.2,16.3,19
Tampere,car_bev,16.3,16.4,22
Tampere,car_bev,16.4,16.5,15
Tampere,car_bev,16.5,16.6,19
Tampere,car_bev,16.6,16.7,16
Tampere,car_bev,16.7,16.8,23
Tampere,car_bev,16.8,16.9,22
Tampere,car_bev,16.9,17.0,24
Tampere,car_bev,17.0,17.1,20
Tampere,car_bev,17.1,17.2,18
Tampere,car_bev,17.2,17.3,9
Tampere,car_bev,17.3,17.4,21
Tampere,car_bev,17.4,17.5,22
Tampere,car_bev,17.5,17.6,8
Tampere,car_bev,17.6,17.7,12
Tampere,car_bev,17.7,17.8,9
Tampere,car_bev,17.8,17.9,11
Tampere,car_bev,17.9,18.0,13
Tampere,car_bev,18.0,18.1,11
Tampere,car_bev,18.1,18.2,15
Tampere,car_bev,18.2,18.3,19
Tampere,car_bev,18.3,18.4,16
Tampere,car_bev,18.4,18.5,11
Tampere,car_bev,18.5,18.6,8
Tampere,car_bev,18.6,18.7,10
Tampere,car_bev,18.7,18.8,11
Tampere,car_bev,18.8,18.9,10
Tampere,car_bev,18.9,19.0,11
Tampere,car_bev,19.0,19.1,13
Tampere,car_bev,19.1,19.2,9
Tampere,car_bev,19.2,19.3,8
Tampere,car_bev,19.3,19.4,8
Tampere,car_bev,19.4,19.5,7
Tampere,car_bev,19.5,19.6,10
Tampere,car_bev,19.6,19.7,8
Tampere,car_bev,19.7,19.8,9
Tampere,car_bev,19.8,19.9,5
Tampere,car_bev,19.9,20.0,11
Tampere,car_bev,20.0,20.1,4
Tampere,car_bev,20.1,20.2,5
Tampere,car_bev,20.2,20.3,11
Tampere,car_bev,20.3,20.4,8
Tampere,car_bev,20.4,20.5,6
Tampere,car_bev,20.5,20.6,14
Tampere,car_bev,20.6,20.7,8
Tampere,car_bev,20.7,20.8,7
Tampere,car_bev,20.8,20.9,10
Tampere,car_bev,20.9,21.0,9
Tampere,car_bev,21.0,21.1,9
Tampere,car_bev,21.1,21.2,6
Tampere,car_bev,21.2,21.3,7
Tampere,car_bev,21.3,21.4,12
Tampere,car_bev,21.4,21.5,7
Tampere,car_bev,21.5,21.6,7
Tampere,car_bev,21.6,21.7,4
Tampere,car_bev,21.7,21.8,8
Tampere,car_bev,21.8,21.9,3
Tampere,car_bev,21.9,22.0,10
Tampere,car_bev,22.0,22.1,7
Tampere,car_bev,22.1,22.2,3
Tampere,car_bev,22.2,22.3,6
Tampere,car_bev,22.3,22.4,12
Tampere,car_bev,22.4,22.5,6
Tampere,car_bev,22.5,22.6,4
Tampere,car_bev,22.6,22.7,6
Tampere,car_bev,22.7,22.8,7
Tampere,car_bev,22.8,22.9,7
Tampere,car_bev,22.9,23.0,4
Tampere,car_bev,23.0,23.1,3
Tampere,car_bev,23.1,23.2,3
Tampere,car_bev,23.2,23.3,5
Tampere,car_bev,23.3,23.4,4
Tampere,car_bev,23.4,23.5,6
Tampere,car_bev,23.5,23.6,3
Tampere,car_bev,23.6,23.7,4
Tampere,car_bev,23.7,23.8,6
Tampere,car_bev,23.8,23.9,2
Tampere,car_bev,23.9,24.0,3
Tampere,car_bev,24.0,24.1,5
Tampere,car_bev,24.1,24.2,5
Tampere,car_bev,24.2,24.3,8
Tampere,car_bev,24.3,24.4,6
Tampere,car_bev,24.4,24.5,3
Tampere,car_bev,24.5,24.6,12
Tampere,car_bev,24.6,24.7,3
Tampere,car_bev,24.7,24.8,9
Tampere,car_bev,24.8,24.9,3
Tampere,car_bev,24.9,25.0,3
Tampere,car_bev,25.0,25.1,1
Tampere,car_bev,25.1,25.2,4
Tampere,car_bev,25.2,25.3,8
Tampere,car_bev,25.3,25.4,1
Tampere,car_bev,25.4,25.5,2
Tampere,car_bev,25.5,25.6,6
Tampere,car_bev,25.6,25.7,2
Tampere,car_bev,25.7,25.8,4
Tampere,car_bev,25.8,25.9,3
Tampere,car_bev,25.9,26.0,2
Tampere,car_bev,26.0,26.1,1
Tampere,car_bev,26.1,26.2,4
Tampere,car_bev,26.2,26.3,2
Tampere,car_bev,26.3,26.4,1
Tampere,car_bev,26.4,26.5,1
Tampere,car_bev,26.6,26.7,3
Tampere,car_bev,26.7,26.8,3
Tampere,car_bev,26.8,26.9,1
Tampere,car_bev,26.9,27.0,1
Tampere,car_bev,27.1,27.2,1
Tampere,car_bev,27.2,27.3,1
Tampere,car_bev,27.5,27.6,1
Tampere,car_bev,28.0,28.1,1
Tampere,car_bev,28.2,28.3,1
Tampere,car_bev,28.3,28.4,1
Tampere,car_bev,28.5,28.6,1
Tampere,car_bev,28.9,29.0,1
Tampere,car_bev,29.0,29.1,1
Tampere,car_bev,29.3,29.4,1
Tampere,car_bev,29.4,29.5,2
Tampere,car_bev,29.5,29.6,1
Oulu,car_bev,1.4,1.5,1
Oulu,car_bev,1.7,1.8,1
Oulu,car_bev,1.8,1.9,4
Oulu,car_bev,1.9,2.0,2
Oulu,car_bev,2.0,2.1,3
Oulu,car_bev,2.1,2.2,3
Oulu,car_bev,2.2,2.3,8
Oulu,car_bev,2.3,2.4,3
Oulu,car_bev,2.4,2.5,12
Oulu,car_bev,2.5,2.6,13
Oulu,car_bev,2.6,2.7,23
Oulu,car_bev,2.7,2.8,29
Oulu,car_bev,2.8,2.9,36
Oulu,car_bev,2.9,3.0,36
Oulu,car_bev,3.0,3.1,42
Oulu,car_bev,3.1,3.2,40
Oulu,car_bev,3.2,3.3,34
Oulu,car_bev,3.3,3.4,29
Oulu,car_bev,3.4,3.5,32
Oulu,car_bev,3.5,3.6,22
Oulu,car_bev,3.6,3.7,26
Oulu,car_bev,3.7,3.8,20
Oulu,car_bev,3.8,3.9,24
Oulu,car_bev,3.9,4.0,22
Oulu,car_bev,4.0,4.1,24
Oulu,car_bev,4.1,4.2,31
Oulu,car_bev,4.2,4.3,28
Oulu,car_bev,4.3,4.4,28
Oulu,car_bev,4.4,4.5,26
Oulu,car_bev,4.5,4.6,34
Oulu,car_bev,4.6,4.7,29
Oulu,car_bev,4.7,4.8,33
Oulu,car_bev,4.8,4.9,36
Oulu,car_bev,4.9,5.0,49
Oulu,car_bev,5.0,5.1,36
Oulu,car_bev,5.1,5.2,45
Oulu,car_bev,5.2,5.3,38
Oulu,car_bev,5.3,5.4,42
Oulu,car_bev,5.4,5.5,42
Oulu,car_bev,5.5,5.6,32
Oulu,car_bev,5.6,5.7,31
Oulu,car_bev,5.7,5.8,32
Oulu,car_bev,5.8,5.9,36
Oulu,car_bev,5.9,6.0,31
Oulu,car_bev,6.0,6.1,46
Oulu,car_bev,6.1,6.2,42
Oulu,car_bev,6.2,6.3,41
Oulu,car_bev,6.3,6.4,39
Oulu,car_bev,6.4,6.5,34
Oulu,car_bev,6.5,6.6,40
Oulu,car_bev,6.6,6.7,33
Oulu,car_bev,6.7,6.8,43
Oulu,car_bev,6.8,6.9,34
Oulu,car_bev,6.9,7.0,34
Oulu,car_bev,7.0,7.1,46
Oulu,car_bev,7.1,7.2,44
Oulu,car_bev,7.2,7.3,42
Oulu,car_bev,7.3,7.4,25
Oulu,car_bev,7.4,7.5,47
Oulu,car_bev,7.5,7.6,38
Oulu,car_bev,7.6,7.7,47
Oulu,car_bev,7.7,7.8,41
Oulu,car_bev,7.8,7.9,31
Oulu,car_bev,7.9,8.0,29
Oulu,car_bev,8.0,8.1,43
Oulu,car_bev,8.1,8.2,40
Oulu,car_bev,8.2,8.3,39
Oulu,car_bev,8.3,8.4,29
Oulu,car_bev,8.4,8.5,39
Oulu,car_bev,8.5,8.6,24
Oulu,car_bev,8.6,8.7,39
Oulu,car_bev,8.7,8.8,46
Oulu,car_bev,8.8,8.9,32
Oulu,car_bev,8.9,9.0,27
Oulu,car_bev,9.0,9.1,31
Oulu,car_bev,9.1,9.2,26
Oulu,car_bev,9.2,9.3,22
Oulu,car_bev,9.3,9.4,32
Oulu,car_bev,9.4,9.5,37
Oulu,car_bev,9.5,9.6,24
Oulu,car_bev,9.6,9.7,18
Oulu,car_bev,9.7,9.8,22
Oulu,car_bev,9.8,9.9,25
Oulu,car_bev,9.9,10.0,26
Oulu,car_bev,10.0,10.1,21
Oulu,car_bev,10.1,10.2,11
Oulu,car_bev,10.2,10.3,28
Oulu,car_bev,10.3,10.4,25
Oulu,car_bev,10.4,10.5,17
Oulu,car_bev,10.5,10.6,18
Oulu,car_bev,10.6,10.7,23
Oulu,car_bev,10.7,10.8,14
Oulu,car_bev,10.8,10.9,15
Oulu,car_bev,10.9,11.0,13
Oulu,car_bev,11.0,11.1,14
Oulu,car_bev,11.1,11.2,12
Oulu,car_bev,11.2,11.3,12
Oulu,car_bev,11.3,11.4,16
Oulu,car_bev,11.4,11.5,12
Oulu,car_bev,11.5,11.6,14
Oulu,car_bev,11.6,11.7,13
Oulu,car_bev,11.7,11.8,21
Oulu,car_bev,11.8,11.9,11
Oulu,car_bev,11.9,12.0,16
Oulu,car_bev,12.0,12.1,17
Oulu,car_bev,12.1,12.2,12
Oulu,car_bev,12.2,12.3,15
Oulu,car_bev,12.3,12.4,18
Oulu,car_bev,12.4,12.5,8
Oulu,car_bev,12.5,12.6,13
Oulu,car_bev,12.6,12.7,9
Oulu,car_bev,12.7,12.8,8
Oulu,car_bev,12.8,12.9,10
Oulu,car_bev,12.9,13.0,10
Oulu,car_bev,13.0,13.1,7
Oulu,car_bev,13.1,13.2,3
Oulu,car_bev,13.2,13.3,3
Oulu,car_bev,13.3,13.4,2
Oulu,car_bev,13.4,13.5,4
Oulu,car_bev,13.5,13.6,6
Oulu,car_bev,13.6,13.7,2
Oulu,car_bev,13.7,13.8,5
Oulu,car_bev,13.8,13.9,4
Oulu,car_bev,13.9,14.0,8
Oulu,car_bev,14.0,14.1,6
Oulu,car_bev,14.1,14.2,5
Oulu,car_bev,14.2,14.3,8
Oulu,car_bev,14.3,14.4,7
Oulu,car_bev,14.4,14.5,6
Oulu,car_bev,14.5,14.6,4
Oulu,car_bev,14.6,14.7,8
Oulu,car_bev,14.7,14.8,8
Oulu,car_bev,14.8,14.9,8
Oulu,car_bev,14.9,15.0,6
Oulu,car_bev,15.0,15.1,9
Oulu,car_bev,15.1,15.2,2
Oulu,car_bev,15.2,15.3,11
Oulu,car_bev,15.3,15.4,11
Oulu,car_bev,15.4,15.5,8
Oulu,car_bev,15.5,15.6,6
Oulu,car_bev,15.6,15.7,6
Oulu,car_bev,15.7,15.8,7
Oulu,car_bev,15.8,15.9,6
Oulu,car_bev,15.9,16.0,3
Oulu,car_bev,16.0,16.1,5
Oulu,car_bev,16.1,16.2,9
Oulu,car_bev,16.2,16.3,6
Oulu,car_bev,16.3,16.4,3
Oulu,car_bev,16.4,16.5,4
Oulu,car_bev,16.5,16.6,4
Oulu,car_bev,16.6,16.7,4
Oulu,car_bev,16.7,16.8,6
Oulu,car_bev,16.8,16.9,3
Oulu,car_bev,16.9,17.0,8
Oulu,car_bev,17.0,17.1,4
Oulu,car_bev,17.1,17.2,5
Oulu,car_bev,17.2,17.3,3
Oulu,car_bev,17.3,17.4,2
Oulu,car_bev,17.4,17.5,7
Oulu,car_bev,17.5,17.6,8
Oulu,car_bev,17.6,17.7,3
Oulu,car_bev,17.7,17.8,7
Oulu,car_bev,17.8,17.9,2
Oulu,car_bev,17.9,18.0,3
Oulu,car_bev,18.0,18.1,3
Oulu,car_bev,18.1,18.2,7
Oulu,car_bev,18.2,18.3,3
Oulu,car_bev,18.3,18.4,6
Oulu,car_bev,18.4,18.5,6
Oulu,car_bev,18.5,18.6,4
Oulu,car_bev,18.6,18.7,2
Oulu,car_bev,18.7,18.8,10
Oulu,car_bev,18.8,18.9,5
Oulu,car_bev,18.9,19.0,3
Oulu,car_bev,19.0,19.1,3
Oulu,car_bev,19.1,19.2,8
Oulu,car_bev,19.2,19.3,7
Oulu,car_bev,19.3,19.4,3
Oulu,car_bev,19.4,19.5,4
Oulu,car_bev,19.5,19.6,3
Oulu,car_bev,19.6,19.7,6
Oulu,car_bev,19.7,19.8,7
Oulu,car_bev,19.8,19.9,3
Oulu,car_bev,20.0,20.1,1
Oulu,car_bev,20.1,20.2,4
Oulu,car_bev,20.2,20.3,5
Oulu,car_bev,20.3,20.4,2
Oulu,car_bev,20.4,20.5,1
Oulu,car_bev,20.5,20.6,1
Oulu,car_bev,20.6,20.7,4
Oulu,car_bev,20.7,20.8,6
Oulu,car_bev,20.8,20.9,3
Oulu,car_bev,20.9,21.0,1
Oulu,car_bev,21.0,21.1,1
Oulu,car_bev,21.1,21.2,5
Oulu,car_bev,21.2,21.3,4
Oulu,car_bev,21.3,21.4,3
Oulu,car_bev,21.4,21.5,2
Oulu,car_bev,21.5,21.6,1
Oulu,car_bev,21.6,21.7,3
Oulu,car_bev,21.7,21.8,1
Oulu,car_bev,21.8,21.9,6
Oulu,car_bev,21.9,22.0,3
Oulu,car_bev,22.0,22.1,1
Oulu,car_bev,22.1,22.2,6
Oulu,car_bev,22.2,22.3,7
Oulu,car_bev,22.3,22.4,2
Oulu,car_bev,22.4,22.5,4
Oulu,car_bev,22.5,22.6,2
Oulu,car_bev,22.6,22.7,3
Oulu,car_bev,22.7,22.8,7
Oulu,car_bev,22.8,22.9,5
Oulu,car_bev,22.9,23.0,2
Oulu,car_bev,23.0,23.1,1
Oulu,car_bev,23.1,23.2,1
Oulu,car_bev,23.3,23.4,1
Oulu,car_bev,23.4,23.5,1
Oulu,car_bev,23.7,23.8,4
Oulu,car_bev,23.8,23.9,2
Oulu,car_bev,23.9,24.0,1
Oulu,car_bev,24.0,24.1,1
Oulu,car_bev,24.2,24.3,2
Oulu,car_bev,24.4,24.5,1
Oulu,car_bev,24.5,24.6,1
Oulu,car_bev,24.6,24.7,1
Oulu,car_bev,24.7,24.8,1
Oulu,car_bev,24.8,24.9,2
Oulu,car_bev,25.2,25.3,1
Oulu,car_bev,26.0,26.1,1
Oulu,car_bev,26.8,26.9,2
Oulu,car_bev,26.9,27.0,1
Oulu,car_bev,27.1,27.2,1
Oulu,car_bev,28.8,28.9,1
Oulu,car_bev,29.0,29.1,1
Overall,car_bev,1.1,1.2,3
Overall,car_bev,1.2,1.3,9
Overall,car_bev,1.3,1.4,23
Overall,car_bev,1.4,1.5,27
Overall,car_bev,1.5,1.6,34
Overall,car_bev,1.6,1.7,68
Overall,car_bev,1.7,1.8,70
Overall,car_bev,1.8,1.9,80
Overall,car_bev,1.9,2.0,128
Overall,car_bev,2.0,2.1,121
Overall,car_bev,2.1,2.2,132
Overall,car_bev,2.2,2.3,164
Overall,car_bev,2.3,2.4,192
Overall,car_bev,2.4,2.5,191
Overall,car_bev,2.5,2.6,221
Overall,car_bev,2.6,2.7,262
Overall,car_bev,2.7,2.8,285
Overall,car_bev,2.8,2.9,343
Overall,car_bev,2.9,3.0,383
Overall,car_bev,3.0,3.1,381
Overall,car_bev,3.1,3.2,399
Overall,car_bev,3.2,3.3,417
Overall,car_bev,3.3,3.4,442
Overall,car_bev,3.4,3.5,460
Overall,car_bev,3.5,3.6,450
Overall,car_bev,3.6,3.7,462
Overall,car_bev,3.7,3.8,434
Overall,car_bev,3.8,3.9,488
Overall,car_bev,3.9,4.0,471
Overall,car_bev,4.0,4.1,448
Overall,car_bev,4.1,4.2,422
Overall,car_bev,4.2,4.3,441
Overall,car_bev,4.3,4.4,434
Overall,car_bev,4.4,4.5,447
Overall,car_bev,4.5,4.6,439
Overall,car_bev,4.6,4.7,417
Overall,car_bev,4.7,4.8,409
Overall,car_bev,4.8,4.9,463
Overall,car_bev,4.9,5.0,465
Overall,car_bev,5.0,5.1,444
Overall,car_bev,5.1,5.2,435
Overall,car_bev,5.2,5.3,457
Overall,car_bev,5.3,5.4,446
Overall,car_bev,5.4,5.5,455
Overall,car_bev,5.5,5.6,447
Overall,car_bev,5.6,5.7,448
Overall,car_bev,5.7,5.8,440
Overall,car_bev,5.8,5.9,441
Overall,car_bev,5.9,6.0,464
Overall,car_bev,6.0,6.1,457
Overall,car_bev,6.1,6.2,433
Overall,car_bev,6.2,6.3,449
Overall,car_bev,6.3,6.4,399
Overall,car_bev,6.4,6.5,457
Overall,car_bev,6.5,6.6,408
Overall,car_bev,6.6,6.7,443
Overall,car_bev,6.7,6.8,469
Overall,car_bev,6.8,6.9,415
Overall,car_bev,6.9,7.0,432
Overall,car_bev,7.0,7.1,408
Overall,car_bev,7.1,7.2,438
Overall,car_bev,7.2,7.3,425
Overall,car_bev,7.3,7.4,414
Overall,car_bev,7.4,7.5,461
Overall,car_bev,7.5,7.6,445
Overall,car_bev,7.6,7.7,490
Overall,car_bev,7.7,7.8,442
Overall,car_bev,7.8,7.9,455
Overall,car_bev,7.9,8.0,425
Overall,car_bev,8.0,8.1,467
Overall,car_bev,8.1,8.2,431
Overall,car_bev,8.2,8.3,405
Overall,car_bev,8.3,8.4,416
Overall,car_bev,8.4,8.5,397
Overall,car_bev,8.5,8.6,414
Overall,car_bev,8.6,8.7,402
Overall,car_bev,8.7,8.8,452
Overall,car_bev,8.8,8.9,393
Overall,car_bev,8.9,9.0,462
Overall,car_bev,9.0,9.1,412
Overall,car_bev,9.1,9.2,402
Overall,car_bev,9.2,9.3,432
Overall,car_bev,9.3,9.4,405
Overall,car_bev,9.4,9.5,377
Overall,car_bev,9.5,9.6,406
Overall,car_bev,9.6,9.7,355
Overall,car_bev,9.7,9.8,391
Overall,car_bev,9.8,9.9,375
Overall,car_bev,9.9,10.0,385
Overall,car_bev,10.0,10.1,403
Overall,car_bev,10.1,10.2,351
Overall,car_bev,10.2,10.3,362
Overall,car_bev,10.3,10.4,357
Overall,car_bev,10.4,10.5,371
Overall,car_bev,10.5,10.6,318
Overall,car_bev,10.6,10.7,359
Overall,car_bev,10.7,10.8,347
Overall,car_bev,10.8,10.9,359
Overall,car_bev,10.9,11.0,298
Overall,car_bev,11.0,11.1,337
Overall,car_bev,11.1,11.2,332
Overall,car_bev,11.2,11.3,325
Overall,car_bev,11.3,11.4,312
Overall,car_bev,11.4,11.5,320
Overall,car_bev,11.5,11.6,336
Overall,car_bev,11.6,11.7,306
Overall,car_bev,11.7,11.8,334
Overall,car_bev,11.8,11.9,326
Overall,car_bev,11.9,12.0,321
Overall,car_bev,12.0,12.1,289
Overall,car_bev,12.1,12.2,309
Overall,car_bev,12.2,12.3,312
Overall,car_bev,12.3,12.4,323
Overall,car_bev,12.4,12.5,294
Overall,car_bev,12.5,12.6,278
Overall,car_bev,12.6,12.7,277
Overall,car_bev,12.7,12.8,293
Overall,car_bev,12.8,12.9,252
Overall,car_bev,12.9,13.0,244
Overall,car_bev,13.0,13.1,268
Overall,car_bev,13.1,13.2,290
Overall,car_bev,13.2,13.3,246
Overall,car_bev,13.3,13.4,248
Overall,car_bev,13.4,13.5,220
Overall,car_bev,13.5,13.6,240
Overall,car_bev,13.6,13.7,241
Overall,car_bev,13.7,13.8,232
Overall,car_bev,13.8,13.9,207
Overall,car_bev,13.9,14.0,201
Overall,car_bev,14.0,14.1,224
Overall,car_bev,14.1,14.2,226
Overall,car_bev,14.2,14.3,195
Overall,car_bev,14.3,14.4,249
Overall,car_bev,14.4,14.5,234
Overall,car_bev,14.5,14.6,211
Overall,car_bev,14.6,14.7,199
Overall,car_bev,14.7,14.8,186
Overall,car_bev,14.8,14.9,179
Overall,car_bev,14.9,15.0,163
Overall,car_bev,15.0,15.1,160
Overall,car_bev,15.1,15.2,168
Overall,car_bev,15.2,15.3,163
Overall,car_bev,15.3,15.4,140
Overall,car_bev,15.4,15.5,147
Overall,car_bev,15.5,15.6,158
Overall,car_bev,15.6,15.7,168
Overall,car_bev,15.7,15.8,164
Overall,car_bev,15.8,15.9,149
Overall,car_bev,15.9,16.0,121
Overall,car_bev,16.0,16.1,123
Overall,car_bev,16.1,16.2,118
Overall,car_bev,16.2,16.3,130
Overall,car_bev,16.3,16.4,98
Overall,car_bev,16.4,16.5,103
Overall,car_bev,16.5,16.6,105
Overall,car_bev,16.6,16.7,99
Overall,car_bev,16.7,16.8,105
Overall,car_bev,16.8,16.9,99
Overall,car_bev,16.9,17.0,110
Overall,car_bev,17.0,17.1,108
Overall,car_bev,17.1,17.2,100
Overall,car_bev,17.2,17.3,96
Overall,car_bev,17.3,17.4,85
Overall,car_bev,17.4,17.5,96
Overall,car_bev,17.5,17.6,75
Overall,car_bev,17.6,17.7,71
Overall,car_bev,17.7,17.8,64
Overall,car_bev,17.8,17.9,77
Overall,car_bev,17.9,18.0,71
Overall,car_bev,18.0,18.1,72
Overall,car_bev,18.1,18.2,77
Overall,car_bev,18.2,18.3,89
Overall,car_bev,18.3,18.4,72
Overall,car_bev,18.4,18.5,73
Overall,car_bev,18.5,18.6,60
Overall,car_bev,18.6,18.7,71
Overall,car_bev,18.7,18.8,71
Overall,car_bev,18.8,18.9,75
Overall,car_bev,18.9,19.0,68
Overall,car_bev,19.0,19.1,66
Overall,car_bev,19.1,19.2,74
Overall,car_bev,19.2,19.3,56
Overall,car_bev,19.3,19.4,48
Overall,car_bev,19.4,19.5,47
Overall,car_bev,19.5,19.6,48
Overall,car_bev,19.6,19.7,53
Overall,car_bev,19.7,19.8,52
Overall,car_bev,19.8,19.9,48
Overall,car_bev,19.9,20.0,50
Overall,car_bev,20.0,20.1,34
Overall,car_bev,20.1,20.2,44
Overall,car_bev,20.2,20.3,48
Overall,car_bev,20.3,20.4,37
Overall,car_bev,20.4,20.5,39
Overall,car_bev,20.5,20.6,45
Overall,car_bev,20.6,20.7,45
Overall,car_bev,20.7,20.8,48
Overall,car_bev,20.8,20.9,55
Overall,car_bev,20.9,21.0,34
Overall,car_bev,21.0,21.1,34
Overall,car_bev,21.1,21.2,28
Overall,car_bev,21.2,21.3,32
Overall,car_bev,21.3,21.4,33
Overall,car_bev,21.4,21.5,29
Overall,car_bev,21.5,21.6,29
Overall,car_bev,21.6,21.7,27
Overall,car_bev,21.7,21.8,24
Overall,car_bev,21.8,21.9,22
Overall,car_bev,21.9,22.0,27
Overall,car_bev,22.0,22.1,24
Overall,car_bev,22.1,22.2,25
Overall,car_bev,22.2,22.3,21
Overall,car_bev,22.3,22.4,21
Overall,car_bev,22.4,22.5,21
Overall,car_bev,22.5,22.6,18
Overall,car_bev,22.6,22.7,19
Overall,car_bev,22.7,22.8,20
Overall,car_bev,22.8,22.9,18
Overall,car_bev,22.9,23.0,16
Overall,car_bev,23.0,23.1,13
Overall,car_bev,23.1,23.2,13
Overall,car_bev,23.2,23.3,15
Overall,car_bev,23.3,23.4,12
Overall,car_bev,23.4,23.5,12
Overall,car_bev,23.5,23.6,9
Overall,car_bev,23.6,23.7,8
Overall,car_bev,23.7,23.8,15
Overall,car_bev,23.8,23.9,9
Overall,car_bev,23.9,24.0,5
Overall,car_bev,24.0,24.1,12
Overall,car_bev,24.1,24.2,11
Overall,car_bev,24.2,24.3,15
Overall,car_bev,24.3,24.4,9
Overall,car_bev,24.4,24.5,6
Overall,car_bev,24.5,24.6,16
Overall,car_bev,24.6,24.7,5
Overall,car_bev,24.7,24.8,15
Overall,car_bev,24.8,24.9,7
Overall,car_bev,24.9,25.0,6
Overall,car_bev,25.0,25.1,5
Overall,car_bev,25.1,25.2,7
Overall,car_bev,25.2,25.3,14
Overall,car_bev,25.3,25.4,2
Overall,car_bev,25.4,25.5,3
Overall,car_bev,25.5,25.6,8
Overall,car_bev,25.6,25.7,3
Overall,car_bev,25.7,25.8,6
Overall,car_bev,25.8,25.9,4
Overall,car_bev,25.9,26.0,2
Overall,car_bev,26.0,26.1,3
Overall,car_bev,26.1,26.2,4
Overall,car_bev,26.2,26.3,3
Overall,car_bev,26.3,26.4,1
Overall,car_bev,26.4,26.5,2
Overall,car_bev,26.6,26.7,3
Overall,car_bev,26.7,26.8,5
Overall,car_bev,26.8,26.9,3
Overall,car_bev,26.9,27.0,2
Overall,car_bev,27.1,27.2,3
Overall,car_bev,27.2,27.3,1
Overall,car_bev,27.5,27.6,1
Overall,car_bev,27.8,27.9,1
Overall,car_bev,28.0,28.1,1
Overall,car_bev,28.1,28.2,2
Overall,car_bev,28.2,28.3,1
Overall,car_bev,28.3,28.4,1
Overall,car_bev,28.5,28.6,1
Overall,car_bev,28.8,28.9,1
Overall,car_bev,28.9,29.0,1
Overall,car_bev,29.0,29.1,2
Overall,car_bev,29.3,29.4,1
Overall,car_bev,29.4,29.5,2
Overall,car_bev,29.5,29.6,1
